Workbook

Sheet Implementation
A1: ID | B1: Name | C1: Programming language
C2: C | D2: Python
A3: T1 | B3: Bit fields | C3: x | D3: Does not have bit fields.
A4: T2 | B4: Bit sets | C4: x | D4: Does not have built-in support for bit sets.
A5: T3 | B5: Boolean return | C5: x | D5: Does not support returning multiple boolean values as a single unsigned int.
A6: T4 | B6: Cascaded function calls | C6: x | D6: x
A7: T5 | B7: Row-major accessing | C7: x | D7: x
A8: T6 | B8: Constructor initialization lists | C8: x | D8: Does not support constructor initialization lists.
A9: T7 | B9: Common subexpression elimination | C9: x | D9: x
A10: T8 | B10: Mapping structures | C10: x | D10: x
A11: T9 | B11: Dead code elimination | C11: x | D11: x
A12: T10 | B12: Exception handling | C12: x | D12: x
A13: T11 | B13: Global variables within loops | C13: x | D13: x
A14: T12 | B14: Function inlining | C14: x | D14: x
... A50: T51 | B50: Coarsening Recursion | C50: x | D50: x

Sheet Techniques
A1: ID | B1: Name | C1: Categories
C2: (1) data/memory structure | D2: (2) algorithm implementation | E2: (4) arithmetic/logic operations | F2: (4) loops
A3: T4 | B3: Cascaded function calls | F3: x
A4: T5 | B4: Row-major accessing | D4: x
A5: T7 | B5: Common subexpression elimination | C5: x | D5: x
A6: T8 | B6: Mapping structures | C6: x | D6: x
A7: T9 | B7: Dead code elimination | D7: x
A8: T10 | B8: Exception handling | D8: x | F8: x
A9: T11 | B9: Global variables within loops | C9: x | F9: x
A10: T12 | B10: Function inlining | D10: x
A11: T13 | B11: Global variables within loops | C11: x | F11: x
A12: T16 | B12: Division by a power-of-two denominator | E12: x
A13: T17 | B13: Multiplication by a power-of-two factor | E13: x
A14: T19 | B14: Loop countdown | D14: x | F14: x
A15: T20 | B15: Loop unrolling | D15: x | F15: x
A16: T25 | B16: Linear search | D16: x | F16: x
A17: T26 | B17: Invariant if statements within loops | D17: x | F17: x
A18: T28 | B18: Loop fission | F18: x
A19: T29 | B19: Range check | E19: x
A20: T31 | B20: Buffer IO | D20: x
A21: T32 | B21: Look-up table | D21: x
A22: T33 | B22: Tail function calls | D22: x
A23: T36 | B23: Loop exit using break | F23: x
A24: T40 | B24: Loop jamming | F24: x
A25: T44 | B25: Lazy evaluation | E25: x
A26: T49 | B26: Sentinels | D26: x
A27: T50 | B27: Wasted iterations | D27: x
A28: T51 | B28: Coarsening recursion | D28: x

Sheet C Impact of Technique
A1: Technique | B1: Optimization | C1: Test | D1: Time (s) | E1: Power | H1: Consumption (with baseline) | K1: Consumption (without baseline) | N1: Impact of Technique ((Test2-Test1)/Test1%)
E2: HDD (w) | F2: CPU (w) | G2: DUT (w) | H2: HDD (J) | I2: CPU (J) | J2: DUT (J) | K2: HDD (J) | L2: CPU (J) | M2: DUT (J) | N2: Time (s) | O2: HDD (J) | P2: CPU (J) | Q2: DUT (J)
A3: T4 | B3: O0 | C3: Test1 | D3: 4.711 | E3: 1.86 | F3: 22.25 | G3: 140.24 | H3: 8.76246 | I3: 104.81975 | J3: 660.67064 | K3: 6.78384 | L3: 102.08737 | M3: 221.55833 | N3: =(D4-D3)/D3 -> -0.22224581 | O3: =(K4-K3)/K3 -> -0.21684474 | P3: =(L4-L3)/L3 -> -0.32094558 | Q3: =(M4-M3)/M3 -> -0.35735641
C4: Test2 | D4: 3.664 | E4: 1.87 | F4: 19.5 | G4: 132.07 | H4: 6.85168 | I4: 71.448 | J4: 483.90448 | K4: 5.3128 | L4: 69.32288 | M4: 142.38304
B5: O3 | C5: Test1 | D5: 3.14 | E5: 1.87 | F5: 19.12 | G5: 131 | H5: 5.8718 | I5: 60.0368 | J5: 411.34 | K5: 4.553 | L5: 58.2156 | M5: 118.6606 | N5: =(D6-D5)/D5 -> -0.66592357 | O5: =(K6-K5)/K5 -> -0.64518779 | P5: =(L6-L5)/L5 -> -0.79187795 | Q5: =(M6-M5)/M5 -> -0.8203643
C6: Test2 | D6: 1.049 | E6: 1.96 | F6: 12.13 | G6: 113.52 | H6: 2.05604 | I6: 12.72437 | J6: 119.08248 | K6: 1.61546 | L6: 12.11595 | M6: 21.31568
A7: T7 | B7: O0 | C7: Test1 | D7: 2.094 | E7: 1.93 | F7: 15.48 | G7: 121.16 | H7: 4.04142 | I7: 32.41512 | J7: 253.70904 | K7: 3.16194 | L7: 31.2006 | M7: 63.53196 | N7: =(D8-D7)/D7 -> -0.50047755 | O7: =(K8-K7)/K7 -> -0.48393708 | P7: =(L8-L7)/L7 -> -0.50986455 | Q7: =(M8-M7)/M7 -> -0.57028557
C8: Test2 | D8: 1.046 | E8: 1.98 | F8: 15.2 | G8: 116.92 | H8: 2.07108 | I8: 15.8992 | J8: 122.29832 | K8: 1.63176 | L8: 15.29252 | M8: 27.3006
B9: O3 | C9: Test1 | D9: 2.093 | E9: 1.94 | F9: 15.4 | G9: 120.98 | H9: 4.06042 | I9: 32.2322 | J9: 253.21114 | K9: 3.18136 | L9: 31.01826 | M9: 63.10395 | N9: =(D10-D9)/D9 -> -0.49976111 | O9: =(K10-K9)/K9 -> -0.48330588 | P9: =(L10-L9)/L9 -> -0.51393792 | Q9: =(M10-M9)/M9 -> -0.54970204
C10: Test2 | D10: 1.047 | E10: 1.99 | F10: 14.98 | G10: 117.96 | H10: 2.08353 | I10: 15.68406 | J10: 123.50412 | K10: 1.64379 | L10: 15.0768 | M10: 28.41558
A11: T8 | B11: O0 | C11: Test1 | D11: 4.711 | E11: 1.83 | F11: 25.14 | G11: 144.2 | H11: 8.62113 | I11: 118.43454 | J11: 679.3262 | K11: 6.64251 | L11: 115.70216 | M11: 243.32315 | N11: =(D12-D11)/D11 -> 0.13797495 | O11: =(K12-K11)/K11 -> 0.20254091 | P11: =(L12-L11)/L11 -> 0.16021551 | Q11: =(M12-M11)/M11 -> 0.185565
C12: Test2 | D12: 5.361 | E12: 1.91 | F12: 25.62 | G12: 146.35 | H12: 10.23951 | I12: 137.34882 | J12: 784.58235 | K12: 7.98789 | L12: 134.23944 | M12: 288.47541
B13: O3 | C13: Test1 | D13: 22.884 | E13: 1.88 | F13: 22.12 | G13: 141.77 | H13: 43.02192 | I13: 506.19408 | J13: 3244.2647 | K13: 33.41064 | L13: 492.92136 | M13: 1126.5793 | N13: =(D14-D13)/D13 -> -0.80401154 | O13: =(K14-K13)/K13 -> -0.79998438 | P13: =(L14-L13)/L13 -> -0.78381217 | Q13: =(M14-M13)/M13 -> -0.79879632
C14: Test2 | D14: 4.485 | E14: 1.91 | F14: 24.34 | G14: 143.09 | H14: 8.56635 | I14: 109.1649 | J14: 641.75865 | K14: 6.68265 | L14: 106.5636 | M14: 226.6719
A15: T9 | B15: O0 | C15: Test1 | D15: 0.524 | E15: 2.04 | F15: 8.95 | G15: 106.49 | H15: 1.06896 | I15: 4.6898 | J15: 55.80076 | K15: 0.84888 | L15: 4.38588 | M15: 7.336 | N15: =(D16-D15)/D15 -> 0 | O15: =(K16-K15)/K15 -> -0.0061728395 | P15: =(L16-L15)/L15 -> -0.089605735 | Q15: =(M16-M15)/M15 -> -0.11428571
C16: Test2 | D16: 0.524 | E16: 2.03 | F16: 8.2 | G16: 104.89 | H16: 1.06372 | I16: 4.2968 | J16: 54.96236 | K16: 0.84364 | L16: 3.99288 | M16: 6.4976
B17: O3 | C17: Test1 | D17: 0.524 | E17: 2.05 | F17: 8.24 | G17: 104.52 | H17: 1.0742 | I17: 4.31776 | J17: 54.76848 | K17: 0.85412 | L17: 4.01384 | M17: 6.30372 | N17: =(D18-D17)/D17 -> -0.0019083969 | O17: =(K18-K17)/K17 -> -0.026401442 | P17: =(L18-L17)/L17 -> -0.013635322 | Q17: =(M18-M17)/M17 -> -0.030946806
C18: Test2 | D18: 0.523 | E18: 2.01 | F18: 8.15 | G18: 104.17 | H18: 1.05123 | I18: 4.26245 | J18: 54.48091 | K18: 0.83157 | L18: 3.95911 | M18: 6.10864
A19: T10 | B19: O0 | C19: Test1 | D19: 76.261 | E19: 1.82 | F19: 27.27 | G19: 154.76 | H19: 138.79502 | I19: 2079.6375 | J19: 11802.152 | K19: 106.7654 | L19: 2035.4061 | M19: 4730.4698 | N19: =(D20-D19)/D19 -> -0.98621838 | O19: =(K20-K19)/K19 -> -0.98493866 | P19: =(L20-L19)/L19 -> -0.99610149 | Q19: =(M20-M19)/M19 -> -0.99694507
C20: Test2 | D20: 1.051 | E20: 1.95 | F20: 8.13 | G20: 106.48 | H20: 2.04945 | I20: 8.54463 | J20: 111.91048 | K20: 1.60803 | L20: 7.93505 | M20: 14.45125
B21: O3 | C21: Test1 | D21: 76.289 | E21: 1.84 | F21: 27.34 | G21: 155 | H21: 140.37176 | I21: 2085.7413 | J21: 11824.795 | K21: 108.33038 | L21: 2041.4936 | M21: 4750.516 | N21: =(D22-D21)/D21 -> -0.99310517 | O21: =(K22-K21)/K21 -> -0.99213406 | P21: =(L22-L21)/L21 -> -0.99811397 | Q21: =(M22-M21)/M21 -> -0.99870452
C22: Test2 | D22: 0.526 | E22: 2.04 | F22: 7.9 | G22: 104.43 | H22: 1.07304 | I22: 4.1554 | J22: 54.93018 | K22: 0.85212 | L22: 3.85032 | M22: 6.1542
A23: T11 | B23: O0 | C23: Test1 | D23: 2.094 | E23: 1.94 | F23: 17.4 | G23: 126.84 | H23: 4.06236 | I23: 36.4356 | J23: 265.60296 | K23: 3.18288 | L23: 35.22108 | M23: 70.4631 | N23: =(D24-D23)/D23 -> -0.00047755492 | O23: =(K24-K23)/K23 -> -0.00047755492 | P23: =(L24-L23)/L23 -> -0.018899193 | Q23: =(M24-M23)/M23 -> -0.048597209
C24: Test2 | D24: 2.093 | E24: 1.94 | F24: 17.09 | G24: 125.22 | H24: 4.06042 | I24: 35.76937 | J24: 262.08546 | K24: 3.18136 | L24: 34.55543 | M24: 67.03879
B25: O3 | C25: Test1 | D25: 1.047 | E25: 2.01 | F25: 13.58 | G25: 116.79 | H25: 2.10447 | I25: 14.21826 | J25: 122.27913 | K25: 1.66473 | L25: 13.611 | M25: 24.7092 | N25: =(D26-D25)/D25 -> 0 | O25: =(K26-K25)/K25 -> -0.0062893082 | P25: =(L26-L25)/L25 -> -0.22230769 | Q25: =(M26-M25)/M25 -> -0.27457627
C26: Test2 | D26: 1.047 | E26: 2 | F26: 10.69 | G26: 110.3 | H26: 2.094 | I26: 11.19243 | J26: 115.4841 | K26: 1.65426 | L26: 10.58517 | M26: 17.92464
A27: T12 | B27: O0 | C27: Test1 | D27: 1.047 | E27: 2 | F27: 13.98 | G27: 116.33 | H27: 2.094 | I27: 14.63706 | J27: 121.79751 | K27: 1.65426 | L27: 14.0298 | M27: 23.52609 | N27: =(D28-D27)/D27 -> 0 | O27: =(K28-K27)/K27 -> 0 | P27: =(L28-L27)/L27 -> -0.25671642 | Q27: =(M28-M27)/M27 -> -0.20516244
C28: Test2 | D28: 1.047 | E28: 2 | F28: 10.54 | G28: 111.73 | H28: 2.094 | I28: 11.03538 | J28: 116.98131 | K28: 1.65426 | L28: 10.42812 | M28: 18.69942
B29: O3 | C29: Test1 | D29: 0.594 | E29: 2.08 | F29: 8.97 | G29: 107.23 | H29: 1.23552 | I29: 5.32818 | J29: 63.69462 | K29: 0.98604 | L29: 4.98366 | M29: 7.94178 | N29: =(D30-D29)/D29 -> 0.028619529 | O29: =(K30-K29)/K29 -> 0.028619529 | P29: =(L30-L29)/L29 -> 0.021263489 | Q29: =(M30-M29)/M29 -> 0.075549814
C30: Test2 | D30: 0.611 | E30: 2.08 | F30: 8.91 | G30: 107.85 | H30: 1.27088 | I30: 5.44401 | J30: 65.89635 | K30: 1.01426 | L30: 5.08963 | M30: 8.54178
A31: T13 | B31: O0 | C31: Test1 | D31: 8.376 | E31: 1.92 | F31: 23.19 | G31: 141.44 | H31: 16.08192 | I31: 194.23944 | J31: 1184.7014 | K31: 12.564 | L31: 189.38136 | M31: 418.63248 | N31: =(D32-D31)/D31 -> 0.0054918816 | O31: =(K32-K31)/K31 -> 0.0054918816 | P31: =(L32-L31)/L31 -> -0.0056258969 | Q31: =(M32-M31)/M31 -> -0.0051705974
C32: Test2 | D32: 8.422 | E32: 1.92 | F32: 22.94 | G32: 140.91 | H32: 16.17024 | I32: 193.20068 | J32: 1186.744 | K32: 12.633 | L32: 188.31592 | M32: 416.4679
B33: O3 | C33: Test1 | D33: 6.281 | E33: 1.92 | F33: 22.2 | G33: 138.38 | H33: 12.05952 | I33: 139.4382 | J33: 869.16478 | K33: 9.4215 | L33: 135.79522 | M33: 294.70452 | N33: =(D34-D33)/D33 -> -0.079605158 | O33: =(K34-K33)/K33 -> -0.079605158 | P33: =(L34-L33)/L33 -> -0.13154233 | Q33: =(M34-M33)/M33 -> -0.11118733
C34: Test2 | D34: 5.781 | E34: 1.92 | F34: 20.98 | G34: 136.77 | H34: 11.09952 | I34: 121.28538 | J34: 790.66737 | K34: 8.6715 | L34: 117.9324 | M34: 261.93711
A35: T16 | B35: O0 | C35: Test1 | D35: 1.047 | E35: 1.96 | F35: 10.33 | G35: 110.49 | H35: 2.05212 | I35: 11.91486 | J35: 117.61998 | K35: 1.61238 | L35: 11.3076 | M35: 20.51073 | N35: =(D36-D35)/D35 -> -0.35052531 | O35: =(K36-K35)/K35 -> 0 | P35: =(L36-L35)/L35 -> -0.097222222 | Q35: =(M36-M35)/M35 -> -0.094946401
C36: Test2 | D36: 0.68 | E36: 2.07 | F36: 8.61 | G36: 105.35 | H36: 2.05212 | I36: 10.81551 | J36: 115.68303 | K36: 1.61238 | L36: 10.20825 | M36: 18.56331
B37: O3 | C37: Test1 | D37: 1.047 | E37: 1.96 | F37: 11.38 | G37: 112.34 | H37: 1.3243 | I37: 5.67188 | J37: 68.67626 | K37: 1.05298 | L37: 5.2972 | M37: 8.7533 | N37: =(D38-D37)/D37 -> -0.38299904 | O37: =(K38-K37)/K37 -> 0.020019374 | P37: =(L38-L37)/L37 -> 0.0062901155 | Q37: =(M38-M37)/M37 -> 0.027830647
C38: Test2 | D38: 0.646 | E38: 2.05 | F38: 8.78 | G38: 106.31 | H38: 1.35252 | I38: 5.71506 | J38: 70.49016 | K38: 1.07406 | L38: 5.33052 | M38: 8.99691
A39: T17 | B39: O0 | C39: Test1 | D39: 1.046 | E39: 1.94 | F39: 10.4 | G39: 109.59 | H39: 2.02924 | I39: 10.8784 | J39: 114.63114 | K39: 1.58992 | L39: 10.27172 | M39: 18.54558 | N39: =(D40-D39)/D39 -> 0.00095602294 | O39: =(K40-K39)/K39 -> 0.033882208 | P39: =(L40-L39)/L39 -> 0.030515824 | Q39: =(M40-M39)/M39 -> 0.055717858
C40: Test2 | D40: 1.047 | E40: 1.99 | F40: 10.69 | G40: 110.56 | H40: 2.08353 | I40: 11.19243 | J40: 115.75632 | K40: 1.64379 | L40: 10.58517 | M40: 19.5789
B41: O3 | C41: Test1 | D41: 0.698 | E41: 2.02 | F41: 8.46 | G41: 107.14 | H41: 1.40996 | I41: 5.90508 | J41: 74.78372 | K41: 1.1168 | L41: 5.50024 | M41: 10.66544 | N41: =(D42-D41)/D41 -> -0.025787966 | O41: =(K42-K41)/K41 -> 0.0046561605 | P41: =(L42-L41)/L41 -> -0.0072433203 | Q41: =(M42-M41)/M41 -> -0.13927602
C42: Test2 | D42: 0.68 | E42: 2.07 | F42: 8.61 | G42: 105.35 | H42: 1.4076 | I42: 5.8548 | J42: 71.638 | K42: 1.122 | L42: 5.4604 | M42: 9.18
A43: T19 | B43: O0 | C43: Test1 | D43: 12.789 | E43: 1.84 | F43: 23.15 | G43: 144.81 | H43: 23.53176 | I43: 296.06535 | J43: 1851.9751 | K43: 18.16038 | L43: 288.64773 | M43: 673.59663 | N43: =(D44-D43)/D43 -> 0.39283759 | O43: =(K44-K43)/K43 -> 0.39283759 | P43: =(L44-L43)/L43 -> 0.32927434 | Q43: =(M44-M43)/M43 -> 0.31720601
C44: Test2 | D44: 17.813 | E44: 1.84 | F44: 22.12 | G44: 141.95 | H44: 32.77592 | I44: 394.02356 | J44: 2528.5553 | K44: 25.29446 | L44: 383.69202 | M44: 887.26553
B45: O3 | C45: Test1 | D45: 1.57 | E45: 1.92 | F45: 15.63 | G45: 121.52 | H45: 3.0144 | I45: 24.5391 | J45: 190.7864 | K45: 2.355 | L45: 23.6285 | M45: 46.1423 | N45: =(D46-D45)/D45 -> 0.0044585987 | O45: =(K46-K45)/K45 -> 0.0044585987 | P45: =(L46-L45)/L45 -> 0.14261337 | Q45: =(M46-M45)/M45 -> 0.0888755
C46: Test2 | D46: 1.577 | E46: 1.92 | F46: 17.7 | G46: 124 | H46: 3.02784 | I46: 27.9129 | J46: 195.548 | K46: 2.3655 | L46: 26.99824 | M46: 50.24322
A47: T20 | B47: O0 | C47: Test1 | D47: 8.898 | E47: 1.86 | F47: 21.7 | G47: 139.43 | H47: 16.55028 | I47: 193.0866 | J47: 1240.6481 | K47: 12.81312 | L47: 187.92576 | M47: 436.98078 | N47: =(D48-D47)/D47 -> -0.60384356 | O47: =(K48-K47)/K47 -> -0.59834139 | P47: =(L48-L47)/L47 -> -0.64229625 | Q47: =(M48-M47)/M47 -> -0.66732862
C48: Test2 | D48: 3.525 | E48: 1.88 | F48: 19.65 | G48: 131.57 | H48: 6.627 | I48: 69.26625 | J48: 463.78425 | K48: 5.1465 | L48: 67.22175 | M48: 145.371
B49: O3 | C49: Test1 | D49: 1.047 | E49: 1.97 | F49: 13.96 | G49: 115.99 | H49: 2.06259 | I49: 14.61612 | J49: 121.44153 | K49: 1.62285 | L49: 14.00886 | M49: 26.86602 | N49: =(D50-D49)/D49 -> 0.50620821 | O49: =(K50-K49)/K49 -> 0.4770558 | P49: =(L50-L49)/L49 -> 0.49720248 | Q49: =(M50-M49)/M49 -> 0.64473711
C50: Test2 | D50: 1.577 | E50: 1.94 | F50: 13.88 | G50: 118.34 | H50: 3.05938 | I50: 21.88876 | J50: 186.62218 | K50: 2.39704 | L50: 20.9741 | M50: 44.18754
A51: T25 | B51: O0 | C51: Test1 | D51: 18.794 | E51: 1.87 | F51: 22.12 | G51: 140.11 | H51: 35.14478 | I51: 415.72328 | J51: 2633.2273 | K51: 27.2513 | L51: 404.82276 | M51: 900.2326 | N51: =(D52-D51)/D51 -> -0.18245185 | O51: =(K52-K51)/K51 -> -0.18245185 | P51: =(L52-L51)/L51 -> -0.19080192 | Q51: =(M52-M51)/M51 -> -0.18996168
C52: Test2 | D52: 15.365 | E52: 1.87 | F52: 21.9 | G52: 139.66 | H52: 28.73255 | I52: 336.4935 | J52: 2145.8759 | K52: 22.27925 | L52: 327.5818 | M52: 729.2229
B53: O3 | C53: Test1 | D53: 4.73 | E53: 1.89 | F53: 20.23 | G53: 133 | H53: 8.9397 | I53: 95.6879 | J53: 629.09 | K53: 6.9531 | L53: 92.9445 | M53: 192.984 | N53: =(D54-D53)/D53 -> -0.22219873 | O53: =(K54-K53)/K53 -> -0.21690757 | P53: =(L54-L53)/L53 -> -0.25069832 | Q53: =(M54-M53)/M53 -> -0.24717225
C54: Test2 | D54: 3.679 | E54: 1.9 | F54: 19.51 | G54: 131.7 | H54: 6.9901 | I54: 71.77729 | J54: 484.5243 | K54: 5.44492 | L54: 69.64347 | M54: 145.28371
A55: T26 | B55: O0 | C55: Test1 | D55: 18.322 | E55: 1.98 | F55: 23.81 | G55: 143.98 | H55: 36.27756 | I55: 436.24682 | J55: 2638.0016 | K55: 32.9796 | L55: 425.62006 | M55: 946.51452 | N55: =(D56-D55)/D55 -> 0.032856675 | O55: =(K56-K55)/K55 -> 0.032856675 | P55: =(L56-L55)/L55 -> -0.020053331 | Q55: =(M56-M55)/M55 -> -0.0017318276
C56: Test2 | D56: 18.924 | E56: 1.98 | F56: 22.62 | G56: 142.26 | H56: 37.46952 | I56: 428.06088 | J56: 2692.1282 | K56: 34.0632 | L56: 417.08496 | M56: 944.87532
B57: O3 | C57: Test1 | D57: 5.255 | E57: 1.99 | F57: 22.18 | G57: 137.73 | H57: 10.45745 | I57: 116.5559 | J57: 723.77115 | K57: 9.51155 | L57: 113.508 | M57: 238.577 | N57: =(D58-D57)/D57 -> -0.79333968 | O57: =(K58-K57)/K57 -> -0.78078021 | P57: =(L58-L57)/L57 -> -0.87571678 | Q57: =(M58-M57)/M57 -> -0.89011497
C58: Test2 | D58: 1.086 | E58: 2.1 | F58: 13.57 | G58: 116.47 | H58: 2.2806 | I58: 14.73702 | J58: 126.48642 | K58: 2.08512 | L58: 14.10714 | M58: 26.21604
A59: T28 | B59: O0 | C59: Test1 | D59: 7.311 | E59: 1.92 | F59: 22.46 | G59: 140.39 | H59: 14.03712 | I59: 164.20506 | J59: 1026.3913 | K59: 10.9665 | L59: 159.96468 | M59: 344.20188 | N59: =(D60-D59)/D59 -> 0.93776501 | O59: =(K60-K59)/K59 -> 0.91192814 | P59: =(L60-L59)/L59 -> 0.95547767 | Q59: =(M60-M59)/M59 -> 1.0155555
C60: Test2 | D60: 14.167 | E60: 1.9 | F60: 22.66 | G60: 142.28 | H60: 26.9173 | I60: 321.02422 | J60: 2015.6808 | K60: 20.96716 | L60: 312.80736 | M60: 693.75799
B61: O3 | C61: Test1 | D61: 1.57 | E61: 1.97 | F61: 12.6 | G61: 116.2 | H61: 3.0929 | I61: 19.782 | J61: 182.434 | K61: 2.4335 | L61: 18.8714 | M61: 35.9373 | N61: =(D62-D61)/D61 -> -0.19681529 | O61: =(K62-K61)/K61 -> -0.18645161 | P61: =(L62-L61)/L61 -> -0.055823627 | Q61: =(M62-M61)/M61 -> -0.063477501
C62: Test2 | D62: 1.261 | E62: 1.99 | F62: 14.71 | G62: 120 | H62: 2.50939 | I62: 18.54931 | J62: 151.32 | K62: 1.97977 | L62: 17.81793 | M62: 33.65609
A63: T29 | B63: O0 | C63: Test1 | D63: 1.047 | E63: 1.98 | F63: 7.92 | G63: 105.06 | H63: 2.07306 | I63: 8.29224 | J63: 109.99782 | K63: 1.63332 | L63: 7.68498 | M63: 14.3439 | N63: =(D64-D63)/D63 -> 0 | O63: =(K64-K63)/K63 -> 0.0064102564 | P63: =(L64-L63)/L63 -> 0.014986376 | Q63: =(M64-M63)/M63 -> -0.030656934
C64: Test2 | D64: 1.047 | E64: 1.99 | F64: 8.03 | G64: 104.64 | H64: 2.08353 | I64: 8.40741 | J64: 109.55808 | K64: 1.64379 | L64: 7.80015 | M64: 13.90416
B65: O3 | C65: Test1 | D65: 0.524 | E65: 2.1 | F65: 7.88 | G65: 103.66 | H65: 1.1004 | I65: 4.12912 | J65: 54.31784 | K65: 0.88032 | L65: 3.8252 | M65: 6.4452 | N65: =(D66-D65)/D65 -> -0.0019083969 | O65: =(K66-K65)/K65 -> -0.0019083969 | P65: =(L66-L65)/L65 -> 0.01313134 | Q65: =(M66-M65)/M65 -> 0.048401912
C66: Test2 | D66: 0.523 | E66: 2.1 | F66: 7.99 | G66: 104.28 | H66: 1.0983 | I66: 4.17877 | J66: 54.53844 | K66: 0.87864 | L66: 3.87543 | M66: 6.75716
A67: T31 | B67: O0 | C67: Test1 | D67: 16.071 | E67: 3.2 | F67: 26.65 | G67: 153.38 | H67: 51.4272 | I67: 428.29215 | J67: 2464.97 | K67: 44.67738 | L67: 418.97097 | M67: 978.7239 | N67: =(D68-D67)/D67 -> 1.0159915 | O67: =(K68-K67)/K67 -> 0.92897032 | P67: =(L68-L67)/L67 -> 1.112654 | Q67: =(M68-M67)/M67 -> 1.130198
C68: Test2 | D68: 32.399 | E68: 3.08 | F68: 27.9 | G68: 156.83 | H68: 99.78892 | I68: 903.9321 | J68: 5081.1352 | K68: 86.18134 | L68: 885.14068 | M68: 2084.8756
B69: O3 | C69: Test1 | D69: 12.554 | E69: 3.43 | F69: 26.44 | G69: 152.75 | H69: 43.06022 | I69: 331.92776 | J69: 1917.6235 | K69: 37.78754 | L69: 324.64644 | M69: 756.50404 | N69: =(D70-D69)/D69 -> 1.0924008 | O69: =(K70-K69)/K69 -> 0.98812836 | P69: =(L70-L69)/L69 -> 1.2145789 | Q69: =(M70-M69)/M69 -> 1.2722654
C70: Test2 | D70: 26.268 | E70: 3.28 | F70: 27.95 | G70: 157.93 | H70: 86.15904 | I70: 734.1906 | J70: 4148.5052 | K70: 75.12648 | L70: 718.95516 | M70: 1718.9779
A71: T32 | B71: O0 | C71: Test1 | D71: 1.047 | E71: 2 | F71: 9.37 | G71: 108.03 | H71: 2.094 | I71: 9.81039 | J71: 113.10741 | K71: 1.65426 | L71: 9.20313 | M71: 18.96117 | N71: =(D72-D71)/D71 -> 0 | O71: =(K72-K71)/K71 -> -0.012658228 | P71: =(L72-L71)/L71 -> -0.11831627 | Q71: =(M72-M71)/M71 -> -0.16289343
C72: Test2 | D72: 1.047 | E72: 1.98 | F72: 8.32 | G72: 105.09 | H72: 2.07306 | I72: 8.71104 | J72: 110.02923 | K72: 1.63332 | L72: 8.11425 | M72: 15.87252
B73: O3 | C73: Test1 | D73: 0.524 | E73: 2.11 | F73: 8.01 | G73: 103.56 | H73: 1.10564 | I73: 4.19724 | J73: 54.26544 | K73: 0.88556 | L73: 3.89332 | M73: 7.14212 | N73: =(D74-D73)/D73 -> 0 | O73: =(K74-K73)/K73 -> 0 | P73: =(L74-L73)/L73 -> -0.00269179 | Q73: =(M74-M73)/M73 -> 0.06676449
C74: Test2 | D74: 0.524 | E74: 2.11 | F74: 7.99 | G74: 104.47 | H74: 1.10564 | I74: 4.18676 | J74: 54.74228 | K74: 0.88556 | L74: 3.88284 | M74: 7.61896
A75: T33 | B75: O0 | C75: Test1 | D75: 1.012 | E75: 2.03 | F75: 13.38 | G75: 114.18 | H75: 2.05436 | I75: 13.54056 | J75: 115.55016 | K75: 1.62932 | L75: 12.9536 | M75: 24.97616 | N75: =(D76-D75)/D75 -> 0.03458498 | O75: =(K76-K75)/K75 -> 0.028158987 | P75: =(L76-L75)/L75 -> 0.0030624691 | Q75: =(M76-M75)/M75 -> 0.037100179
C76: Test2 | D76: 1.047 | E76: 2.02 | F76: 12.99 | G76: 114.23 | H76: 2.11494 | I76: 13.60053 | J76: 119.59881 | K76: 1.6752 | L76: 12.99327 | M76: 25.90278
B77: O3 | C77: Test1 | D77: 1.047 | E77: 2.03 | F77: 10.34 | G77: 108.91 | H77: 2.12541 | I77: 10.82598 | J77: 114.02877 | K77: 1.68567 | L77: 10.21872 | M77: 20.33274 | N77: =(D78-D77)/D77 -> 0 | O77: =(K78-K77)/K77 -> 0 | P77: =(L78-L77)/L77 -> 0.0010245902 | Q77: =(M78-M77)/M77 -> 0.059732235
C78: Test2 | D78: 1.047 | E78: 2.03 | F78: 10.35 | G78: 110.07 | H78: 2.12541 | I78: 10.83645 | J78: 115.24329 | K78: 1.68567 | L78: 10.22919 | M78: 21.54726
A79: T36 | B79: O0 | C79: Test1 | D79: 4.187 | E79: 1.89 | F79: 21.59 | G79: 136.65 | H79: 7.91343 | I79: 90.39733 | J79: 572.15355 | K79: 6.15489 | L79: 87.96887 | M79: 178.74303 | N79: =(D80-D79)/D79 -> 0.0042990208 | O79: =(K80-K79)/K79 -> 0.011130987 | P79: =(L80-L79)/L79 -> -0.02677163 | Q79: =(M80-M79)/M79 -> -0.043222273
C80: Test2 | D80: 4.205 | E80: 1.9 | F80: 20.94 | G80: 134.64 | H80: 7.9895 | I80: 88.0527 | J80: 566.1612 | K80: 6.2234 | L80: 85.6138 | M80: 171.01735
B81: O3 | C81: Test1 | D81: 0.523 | E81: 2.11 | F81: 8.02 | G81: 104.1 | H81: 1.10353 | I81: 4.19446 | J81: 54.4443 | K81: 0.88387 | L81: 3.89112 | M81: 5.29799 | N81: =(D82-D81)/D81 -> 0 | O81: =(K82-K81)/K81 -> 0 | P81: =(L82-L81)/L81 -> 0.0040322581 | Q81: =(M82-M81)/M81 -> 0.10069102
C82: Test2 | D82: 0.523 | E82: 2.11 | F82: 8.05 | G82: 105.12 | H82: 1.10353 | I82: 4.21015 | J82: 54.97776 | K82: 0.88387 | L82: 3.90681 | M82: 5.83145
A83: T40 | B83: O0 | C83: Test1 | D83: 11.516 | E83: 1.89 | F83: 24.32 | G83: 144.61 | H83: 21.76524 | I83: 280.06912 | J83: 1665.3288 | K83: 16.92852 | L83: 273.38984 | M83: 625.08848 | N83: =(D84-D83)/D83 -> -0.08718305 | O83: =(K84-K83)/K83 -> -0.080973411 | P83: =(L84-L83)/L83 -> -0.1490885 | Q83: =(M84-M83)/M83 -> -0.13191579
C84: Test2 | D84: 10.512 | E84: 1.9 | F84: 22.71 | G84: 141.96 | H84: 19.9728 | I84: 238.72752 | J84: 1492.2835 | K84: 15.55776 | L84: 232.63056 | M84: 542.62944
B85: O3 | C85: Test1 | D85: 5.237 | E85: 1.89 | F85: 22.99 | G85: 140.68 | H85: 9.89793 | I85: 120.39863 | J85: 736.74116 | K85: 7.69839 | L85: 117.36117 | M85: 263.63058 | N85: =(D86-D85)/D85 -> -0.6988734 | O85: =(K86-K85)/K85 -> -0.68248556 | P85: =(L86-L85)/L85 -> -0.77183714 | Q85: =(M86-M85)/M85 -> -0.80223986
C86: Test2 | D86: 1.577 | E86: 1.97 | F86: 17.56 | G86: 123.4 | H86: 3.10669 | I86: 27.69212 | J86: 194.6018 | K86: 2.44435 | L86: 26.77746 | M86: 52.13562
A87: T44 | B87: O0 | C87: Test1 | D87: 0.523 | E87: 2.11 | F87: 4.92 | G87: 100.63 | H87: 1.10353 | I87: 2.57316 | J87: 52.62949 | K87: 0.88387 | L87: 2.26982 | M87: 4.05848 | N87: =(D88-D87)/D87 -> 0 | O87: =(K88-K87)/K87 -> 0 | P87: =(L88-L87)/L87 -> -0.0023041475 | Q87: =(M88-M87)/M87 -> -0.1314433
C88: Test2 | D88: 0.523 | E88: 2.11 | F88: 4.91 | G88: 99.62 | H88: 1.10353 | I88: 2.56793 | J88: 52.10126 | K88: 0.88387 | L88: 2.26459 | M88: 3.52502
B89: O3 | C89: Test1 | D89: 0.523 | E89: 2.09 | F89: 4.92 | G89: 99.88 | H89: 1.09307 | I89: 2.57316 | J89: 52.23724 | K89: 0.87341 | L89: 2.26982 | M89: 3.661 | N89: =(D90-D89)/D89 -> 0 | O89: =(K90-K89)/K89 -> 0.017964072 | P89: =(L90-L89)/L89 -> 0.0023041475 | Q89: =(M90-M89)/M89 -> 0.15285714
C90: Test2 | D90: 0.523 | E90: 2.12 | F90: 4.93 | G90: 100.94 | H90: 1.10876 | I90: 2.57839 | J90: 52.79162 | K90: 0.8891 | L90: 2.27505 | M90: 4.22061
A91: T49 | B91: O0 | C91: Test1 | D91: 8.376 | E91: 1.99 | F91: 22.53 | G91: 139.42 | H91: 16.66824 | I91: 188.71128 | J91: 1167.7819 | K91: 13.15032 | L91: 183.8532 | M91: 417.29232 | N91: =(D92-D91)/D91 -> -0.50011939 | O91: =(K92-K91)/K91 -> -0.50011939 | P91: =(L92-L91)/L91 -> -0.56547963 | Q91: =(M92-M91)/M91 -> -0.5788842
C92: Test2 | D92: 4.187 | E92: 1.99 | F92: 19.66 | G92: 131.57 | H92: 8.33213 | I92: 82.31642 | J92: 550.88359 | K92: 6.57359 | L92: 79.88796 | M92: 175.72839
B93: O3 | C93: Test1 | D93: 0.523 | E93: 2.22 | F93: 8.05 | G93: 103.47 | H93: 1.16106 | I93: 4.21015 | J93: 54.11481 | K93: 0.9414 | L93: 3.90681 | M93: 7.25401 | N93: =(D94-D93)/D93 -> 2.0133843 | O93: =(K94-K93)/K93 -> 1.7120459 | P93: =(L94-L93)/L93 -> 3.8649819 | Q93: =(M94-M93)/M93 -> 4.6226666
C94: Test2 | D94: 1.576 | E94: 2.04 | F94: 12.64 | G94: 115.48 | H94: 3.21504 | I94: 19.92064 | J94: 181.99648 | K94: 2.55312 | L94: 19.00656 | M94: 40.78688

Sheet C Technique results
B1: Optimization level O0 | F1: Optimization level O3
A2: Technique | B2: Standard (J) | C2: Efficient (J) | D2: Impact (%) | E2: Effect size | F2: Standard (J) | G2: Efficient (J) | H2: Impact (%) | I2: Effect size | J2: Average impact (%)
A3: T4 | B3: {=INDIRECT("'C Impact of Technique'!M" & 3 + (ROW(A1)-1)*4)} -> 221.55833 | C3: {=INDIRECT("'C Impact of Technique'!M" & 4 + (ROW(A1)-1)*4)} -> 142.38304 | D3: {=INDIRECT("'C Impact of Technique'!Q" & 3 + (ROW(A1)-1)*4)*100} -> -35.735641 | E3: large | F3: {=INDIRECT("'C Impact of Technique'!M" & 5 + (ROW(A1)-1)*4)} -> 118.6606 | G3: {=INDIRECT("'C Impact of Technique'!M" & 6 + (ROW(A1)-1)*4)} -> 21.31568 | H3: {=INDIRECT("'C Impact of Technique'!Q" & 5 + (ROW(D1)-1)*4)*100} -> -82.03643 | I3: large | J3: =AVERAGE(D3,H3) -> -58.886036 | N3: Optimization level O0 | R3: Optimization level O3
A4: T7 | B4: {=INDIRECT("'C Impact of Technique'!M" & 3 + (ROW(A2)-1)*4)} -> 63.53196 | C4: {=INDIRECT("'C Impact of Technique'!M" & 4 + (ROW(A2)-1)*4)} -> 27.3006 | D4: {=INDIRECT("'C Impact of Technique'!Q" & 3 + (ROW(A2)-1)*4)*100} -> -57.028557 | E4: large | F4: {=INDIRECT("'C Impact of Technique'!M" & 5 + (ROW(A2)-1)*4)} -> 63.10395 | G4: {=INDIRECT("'C Impact of Technique'!M" & 6 + (ROW(A2)-1)*4)} -> 28.41558 | H4: {=INDIRECT("'C Impact of Technique'!Q" & 5 + (ROW(D2)-1)*4)*100} -> -54.970204 | I4: medium | J4: =AVERAGE(D4,H4) -> -55.99938 | N4: Impact | O4: Techniques | R4: Impact | S4: Techniques
A5: T8 | B5: {=INDIRECT("'C Impact of Technique'!M" & 3 + (ROW(A3)-1)*4)} -> 243.32315 | C5: {=INDIRECT("'C Impact of Technique'!M" & 4 + (ROW(A3)-1)*4)} -> 288.47541 | D5: {=INDIRECT("'C Impact of Technique'!Q" & 3 + (ROW(A3)-1)*4)*100} -> 18.5565 | E5: large | F5: {=INDIRECT("'C Impact of Technique'!M" & 5 + (ROW(A3)-1)*4)} -> 1126.5793 | G5: {=INDIRECT("'C Impact of Technique'!M" & 6 + (ROW(A3)-1)*4)} -> 226.6719 | H5: {=INDIRECT("'C Impact of Technique'!Q" & 5 + (ROW(D3)-1)*4)*100} -> -79.879632 | I5: large | J5: =AVERAGE(D5,H5) -> -30.661566 | N5: <= -75 | O5: {=_xlfn.TEXTJOIN(", ", TRUE, IF(D3:D25 <= -75, A3:A25, ""))} -> T10 | R5: <= -75 | S5: {=_xlfn.TEXTJOIN(", ", TRUE, IF(H3:H25 <= -75, A3:A25, ""))} -> T4, T8, T10, T26, T40
A6: T9 | B6: {=INDIRECT("'C Impact of Technique'!M" & 3 + (ROW(A4)-1)*4)} -> 7.336 | C6: {=INDIRECT("'C Impact of Technique'!M" & 4 + (ROW(A4)-1)*4)} -> 6.4976 | D6: {=INDIRECT("'C Impact of Technique'!Q" & 3 + (ROW(A4)-1)*4)*100} -> -11.428571 | E6: large | F6: {=INDIRECT("'C Impact of Technique'!M" & 5 + (ROW(A4)-1)*4)} -> 6.30372 | G6: {=INDIRECT("'C Impact of Technique'!M" & 6 + (ROW(A4)-1)*4)} -> 6.10864 | H6: {=INDIRECT("'C Impact of Technique'!Q" & 5 + (ROW(D4)-1)*4)*100} -> -3.0946806 | I6: large | J6: =AVERAGE(D6,H6) -> -7.261626 | N6: > -75 & <= -25 | O6: {=_xlfn.TEXTJOIN(", ", TRUE, IF((D3:D25 > -75) * (D3:D25 <= -25), A3:A25, ""))} -> T4, T7, T20, T49 | R6: > -75 & <= -25 | S6: {=_xlfn.TEXTJOIN(", ", TRUE, IF((H3:H25 > -75) * (H3:H25 <= -25), A3:A25, ""))} -> T7, T11
A7: T10 | B7: {=INDIRECT("'C Impact of Technique'!M" & 3 + (ROW(A5)-1)*4)} -> 4730.4698 | C7: {=INDIRECT("'C Impact of Technique'!M" & 4 + (ROW(A5)-1)*4)} -> 14.45125 | D7: {=INDIRECT("'C Impact of Technique'!Q" & 3 + (ROW(A5)-1)*4)*100} -> -99.694507 | E7: medium | F7: {=INDIRECT("'C Impact of Technique'!M" & 5 + (ROW(A5)-1)*4)} -> 4750.516 | G7: {=INDIRECT("'C Impact of Technique'!M" & 6 + (ROW(A5)-1)*4)} -> 6.1542 | H7: {=INDIRECT("'C Impact of Technique'!Q" & 5 + (ROW(D5)-1)*4)*100} -> -99.870452 | I7: small~ | J7: =AVERAGE(D7,H7) -> -99.78248 | N7: > -25 & <= -3 | O7: {=_xlfn.TEXTJOIN(", ", TRUE, IF((D3:D25 > -25) * (D3:D25 <= -3), A3:A25, ""))} -> T9, T11, T12, T16, T25, T29, T32, T36, T40, T44 | R7: > -25 & <= -3 | S7: {=_xlfn.TEXTJOIN(", ", TRUE, IF((H3:H25 > -25) * (H3:H25 <= -3), A3:A25, ""))} -> T9, T13, T17, T25, T28
A8: T11 | B8: {=INDIRECT("'C Impact of Technique'!M" & 3 + (ROW(A6)-1)*4)} -> 70.4631 | C8: {=INDIRECT("'C Impact of Technique'!M" & 4 + (ROW(A6)-1)*4)} -> 67.03879 | D8: {=INDIRECT("'C Impact of Technique'!Q" & 3 + (ROW(A6)-1)*4)*100} -> -4.8597209 | E8: large | F8: {=INDIRECT("'C Impact of Technique'!M" & 5 + (ROW(A6)-1)*4)} -> 24.7092 | G8: {=INDIRECT("'C Impact of Technique'!M" & 6 + (ROW(A6)-1)*4)} -> 17.92464 | H8: {=INDIRECT("'C Impact of Technique'!Q" & 5 + (ROW(D6)-1)*4)*100} -> -27.457627 | I8: large | J8: =AVERAGE(D8,H8) -> -16.158674 | N8: > -3 & < 3 | O8: {=_xlfn.TEXTJOIN(", ", TRUE, IF((D3:D25 > -3) * (D3:D25 < 3), A3:A25, ""))} -> T13, T26 | R8: > -3 & < 3 | S8: {=_xlfn.TEXTJOIN(", ", TRUE, IF((H3:H25 > -3) * (H3:H25 < 3), A3:A25, ""))} -> T16
A9: T12 | B9: {=INDIRECT("'C Impact of Technique'!M" & 3 + (ROW(A7)-1)*4)} -> 23.52609 | C9: {=INDIRECT("'C Impact of Technique'!M" & 4 + (ROW(A7)-1)*4)} -> 18.69942 | D9: {=INDIRECT("'C Impact of Technique'!Q" & 3 + (ROW(A7)-1)*4)*100} -> -20.516244 | E9: large | F9: {=INDIRECT("'C Impact of Technique'!M" & 5 + (ROW(A7)-1)*4)} -> 7.94178 | G9: {=INDIRECT("'C Impact of Technique'!M" & 6 + (ROW(A7)-1)*4)} -> 8.54178 | H9: {=INDIRECT("'C Impact of Technique'!Q" & 5 + (ROW(D7)-1)*4)*100} -> 7.5549814 | I9: large | J9: =AVERAGE(D9,H9) -> -6.4806313 | N9: >= 3 & < 25 | O9: {=_xlfn.TEXTJOIN(", ", TRUE, IF((D3:D25 >= 3) * (D3:D25 < 25), A3:A25, ""))} -> T8, T17, T33 | R9: >= 3 & < 25 | S9: {=_xlfn.TEXTJOIN(", ", TRUE, IF((H3:H25 >= 3) * (H3:H25 < 25), A3:A25, ""))} -> T12, T19, T29, T32, T33, T36, T44
A10: T13 | B10: {=INDIRECT("'C Impact of Technique'!M" & 3 + (ROW(A8)-1)*4)} -> 418.63248 | C10: {=INDIRECT("'C Impact of Technique'!M" & 4 + (ROW(A8)-1)*4)} -> 416.4679 | D10: {=INDIRECT("'C Impact of Technique'!Q" & 3 + (ROW(A8)-1)*4)*100} -> -0.51705974 | E10: large | F10: {=INDIRECT("'C Impact of Technique'!M" & 5 + (ROW(A8)-1)*4)} -> 294.70452 | G10: {=INDIRECT("'C Impact of Technique'!M" & 6 + (ROW(A8)-1)*4)} -> 261.93711 | H10: {=INDIRECT("'C Impact of Technique'!Q" & 5 + (ROW(D8)-1)*4)*100} -> -11.118733 | I10: small~ | J10: =AVERAGE(D10,H10) -> -5.8178966 | N10: >= 25 & < 75 | O10: {=_xlfn.TEXTJOIN(", ", TRUE, IF((D3:D25 >= 25) * (D3:D25 < 75), A3:A25, ""))} -> T19 | R10: >= 25 & < 75 | S10: {=_xlfn.TEXTJOIN(", ", TRUE, IF((H3:H25 >= 25) * (H3:H25 < 75), A3:A25, ""))} -> T20
A11: T16 | B11: {=INDIRECT("'C Impact of Technique'!M" & 3 + (ROW(A9)-1)*4)} -> 20.51073 | C11: {=INDIRECT("'C Impact of Technique'!M" & 4 + (ROW(A9)-1)*4)} -> 18.56331 | D11: {=INDIRECT("'C Impact of Technique'!Q" & 3 + (ROW(A9)-1)*4)*100} -> -9.4946401 | E11: small~ | F11: {=INDIRECT("'C Impact of Technique'!M" & 5 + (ROW(A9)-1)*4)} -> 8.7533 | G11: {=INDIRECT("'C Impact of Technique'!M" & 6 + (ROW(A9)-1)*4)} -> 8.99691 | H11: {=INDIRECT("'C Impact of Technique'!Q" & 5 + (ROW(D9)-1)*4)*100} -> 2.7830647 | I11: large | J11: =AVERAGE(D11,H11) -> -3.3557877 | N11: >= 75 | O11: {=_xlfn.TEXTJOIN(", ", TRUE, IF(D3:D25 >= 75, A3:A25, ""))} -> T28, T31 | R11: >= 75 | S11: {=_xlfn.TEXTJOIN(", ", TRUE, IF(H3:H25 >= 75, A3:A25, ""))} -> T31, T49
A12: T17 | B12: {=INDIRECT("'C Impact of Technique'!M" & 3 + (ROW(A10)-1)*4)} -> 18.54558 | C12: {=INDIRECT("'C Impact of Technique'!M" & 4 + (ROW(A10)-1)*4)} -> 19.5789 | D12: {=INDIRECT("'C Impact of Technique'!Q" & 3 + (ROW(A10)-1)*4)*100} -> 5.5717858 | E12: medium | F12: {=INDIRECT("'C Impact of Technique'!M" & 5 + (ROW(A10)-1)*4)} -> 10.66544 | G12: {=INDIRECT("'C Impact of Technique'!M" & 6 + (ROW(A10)-1)*4)} -> 9.18 | H12: {=INDIRECT("'C Impact of Technique'!Q" & 5 + (ROW(D10)-1)*4)*100} -> -13.927602 | I12: small~ | J12: =AVERAGE(D12,H12) -> -4.1779079
A13: T19 | B13: {=INDIRECT("'C Impact of Technique'!M" & 3 + (ROW(A11)-1)*4)} -> 673.59663 | C13: {=INDIRECT("'C Impact of Technique'!M" & 4 + (ROW(A11)-1)*4)} -> 887.26553 | D13: {=INDIRECT("'C Impact of Technique'!Q" & 3 + (ROW(A11)-1)*4)*100} -> 31.720601 | E13: small~ | F13: {=INDIRECT("'C Impact of Technique'!M" & 5 + (ROW(A11)-1)*4)} -> 46.1423 | G13: {=INDIRECT("'C Impact of Technique'!M" & 6 + (ROW(A11)-1)*4)} -> 50.24322 | H13: {=INDIRECT("'C Impact of Technique'!Q" & 5 + (ROW(D11)-1)*4)*100} -> 8.88755 | I13: small | J13: =AVERAGE(D13,H13) -> 20.304076
A14: T20 | B14: {=INDIRECT("'C Impact of Technique'!M" & 3 + (ROW(A12)-1)*4)} -> 436.98078 | C14: {=INDIRECT("'C Impact of Technique'!M" & 4 + (ROW(A12)-1)*4)} -> 145.371 | D14: {=INDIRECT("'C Impact of Technique'!Q" & 3 + (ROW(A12)-1)*4)*100} -> -66.732862 | E14: large | F14: {=INDIRECT("'C Impact of Technique'!M" & 5 + (ROW(A12)-1)*4)} -> 26.86602 | G14: {=INDIRECT("'C Impact of Technique'!M" & 6 + (ROW(A12)-1)*4)} -> 44.18754 | H14: {=INDIRECT("'C Impact of Technique'!Q" & 5 + (ROW(D12)-1)*4)*100} -> 64.473711 | I14: large | J14: =AVERAGE(D14,H14) -> -1.1295756
A15: T25 | B15: {=INDIRECT("'C Impact of Technique'!M" & 3 + (ROW(A13)-1)*4)} -> 900.2326 | C15: {=INDIRECT("'C Impact of Technique'!M" & 4 + (ROW(A13)-1)*4)} -> 729.2229 | D15: {=INDIRECT("'C Impact of Technique'!Q" & 3 + (ROW(A13)-1)*4)*100} -> -18.996168 | E15: large | F15: {=INDIRECT("'C Impact of Technique'!M" & 5 + (ROW(A13)-1)*4)} -> 192.984 | G15: {=INDIRECT("'C Impact of Technique'!M" & 6 + (ROW(A13)-1)*4)} -> 145.28371 | H15: {=INDIRECT("'C Impact of Technique'!Q" & 5 + (ROW(D13)-1)*4)*100} -> -24.717225 | I15: large | J15: =AVERAGE(D15,H15) -> -21.856697
A16: T26 | B16: {=INDIRECT("'C Impact of Technique'!M" & 3 + (ROW(A14)-1)*4)} -> 946.51452 | C16: {=INDIRECT("'C Impact of Technique'!M" & 4 + (ROW(A14)-1)*4)} -> 944.87532 | D16: {=INDIRECT("'C Impact of Technique'!Q" & 3 + (ROW(A14)-1)*4)*100} -> -0.17318276 | E16: large | F16: {=INDIRECT("'C Impact of Technique'!M" & 5 + (ROW(A14)-1)*4)} -> 238.577 | G16: {=INDIRECT("'C Impact of Technique'!M" & 6 + (ROW(A14)-1)*4)} -> 26.21604 | H16: {=INDIRECT("'C Impact of Technique'!Q" & 5 + (ROW(D14)-1)*4)*100} -> -89.011497 | I16: large | J16: =AVERAGE(D16,H16) -> -44.59234
A17: T28 | B17: {=INDIRECT("'C Impact of Technique'!M" & 3 + (ROW(A15)-1)*4)} -> 344.20188 | C17: {=INDIRECT("'C Impact of Technique'!M" & 4 + (ROW(A15)-1)*4)} -> 693.75799 | D17: {=INDIRECT("'C Impact of Technique'!Q" & 3 + (ROW(A15)-1)*4)*100} -> 101.55555 | E17: small~ | F17: {=INDIRECT("'C Impact of Technique'!M" & 5 + (ROW(A15)-1)*4)} -> 35.9373 | G17: {=INDIRECT("'C Impact of Technique'!M" & 6 + (ROW(A15)-1)*4)} -> 33.65609 | H17: {=INDIRECT("'C Impact of Technique'!Q" & 5 + (ROW(D15)-1)*4)*100} -> -6.3477501 | I17: large | J17: =AVERAGE(D17,H17) -> 47.6039
A18: T29 | B18: {=INDIRECT("'C Impact of Technique'!M" & 3 + (ROW(A16)-1)*4)} -> 14.3439 | C18: {=INDIRECT("'C Impact of Technique'!M" & 4 + (ROW(A16)-1)*4)} -> 13.90416 | D18: {=INDIRECT("'C Impact of Technique'!Q" & 3 + (ROW(A16)-1)*4)*100} -> -3.0656934 | E18: large | F18: {=INDIRECT("'C Impact of Technique'!M" & 5 + (ROW(A16)-1)*4)} -> 6.4452 | G18: {=INDIRECT("'C Impact of Technique'!M" & 6 + (ROW(A16)-1)*4)} -> 6.75716 | H18: {=INDIRECT("'C Impact of Technique'!Q" & 5 + (ROW(D16)-1)*4)*100} -> 4.8401912 | I18: medium | J18: =AVERAGE(D18,H18) -> 0.88724886
A19: T31 | B19: {=INDIRECT("'C Impact of Technique'!M" & 3 + (ROW(A17)-1)*4)} -> 978.7239 | C19: {=INDIRECT("'C Impact of Technique'!M" & 4 + (ROW(A17)-1)*4)} -> 2084.8756 | D19: {=INDIRECT("'C Impact of Technique'!Q" & 3 + (ROW(A17)-1)*4)*100} -> 113.0198 | E19: small~ | F19: {=INDIRECT("'C Impact of Technique'!M" & 5 + (ROW(A17)-1)*4)} -> 756.50404 | G19: {=INDIRECT("'C Impact of Technique'!M" & 6 + (ROW(A17)-1)*4)} -> 1718.9779 | H19: {=INDIRECT("'C Impact of Technique'!Q" & 5 + (ROW(D17)-1)*4)*100} -> 127.22654 | I19: small~ | J19: =AVERAGE(D19,H19) -> 120.12317
A20: T32 | B20: {=INDIRECT("'C Impact of Technique'!M" & 3 + (ROW(A18)-1)*4)} -> 18.96117 | C20: {=INDIRECT("'C Impact of Technique'!M" & 4 + (ROW(A18)-1)*4)} -> 15.87252 | D20: {=INDIRECT("'C Impact of Technique'!Q" & 3 + (ROW(A18)-1)*4)*100} -> -16.289343 | E20: large | F20: {=INDIRECT("'C Impact of Technique'!M" & 5 + (ROW(A18)-1)*4)} -> 7.14212 | G20: {=INDIRECT("'C Impact of Technique'!M" & 6 + (ROW(A18)-1)*4)} -> 7.61896 | H20: {=INDIRECT("'C Impact of Technique'!Q" & 5 + (ROW(D18)-1)*4)*100} -> 6.676449 | I20: large | J20: =AVERAGE(D20,H20) -> -4.8064469
A21: T33 | B21: {=INDIRECT("'C Impact of Technique'!M" & 3 + (ROW(A19)-1)*4)} -> 24.97616 | C21: {=INDIRECT("'C Impact of Technique'!M" & 4 + (ROW(A19)-1)*4)} -> 25.90278 | D21: {=INDIRECT("'C Impact of Technique'!Q" & 3 + (ROW(A19)-1)*4)*100} -> 3.7100179 | E21: large | F21: {=INDIRECT("'C Impact of Technique'!M" & 5 + (ROW(A19)-1)*4)} -> 20.33274 | G21: {=INDIRECT("'C Impact of Technique'!M" & 6 + (ROW(A19)-1)*4)} -> 21.54726 | H21: {=INDIRECT("'C Impact of Technique'!Q" & 5 + (ROW(D19)-1)*4)*100} -> 5.9732235 | I21: small | J21: =AVERAGE(D21,H21) -> 4.8416207
A22: T36 | B22: {=INDIRECT("'C Impact of Technique'!M" & 3 + (ROW(A20)-1)*4)} -> 178.74303 | C22: {=INDIRECT("'C Impact of Technique'!M" & 4 + (ROW(A20)-1)*4)} -> 171.01735 | D22: {=INDIRECT("'C Impact of Technique'!Q" & 3 + (ROW(A20)-1)*4)*100} -> -4.3222273 | E22: small~ | F22: {=INDIRECT("'C Impact of Technique'!M" & 5 + (ROW(A20)-1)*4)} -> 5.29799 | G22: {=INDIRECT("'C Impact of Technique'!M" & 6 + (ROW(A20)-1)*4)} -> 5.83145 | H22: {=INDIRECT("'C Impact of Technique'!Q" & 5 + (ROW(D20)-1)*4)*100} -> 10.069102 | I22: small | J22: =AVERAGE(D22,H22) -> 2.8734372
A23: T40 | B23: {=INDIRECT("'C Impact of Technique'!M" & 3 + (ROW(A21)-1)*4)} -> 625.08848 | C23: {=INDIRECT("'C Impact of Technique'!M" & 4 + (ROW(A21)-1)*4)} -> 542.62944 | D23: {=INDIRECT("'C Impact of Technique'!Q" & 3 + (ROW(A21)-1)*4)*100} -> -13.191579 | E23: large | F23: {=INDIRECT("'C Impact of Technique'!M" & 5 + (ROW(A21)-1)*4)} -> 263.63058 | G23: {=INDIRECT("'C Impact of Technique'!M" & 6 + (ROW(A21)-1)*4)} -> 52.13562 | H23: {=INDIRECT("'C Impact of Technique'!Q" & 5 + (ROW(D21)-1)*4)*100} -> -80.223986 | I23: small | J23: =AVERAGE(D23,H23) -> -46.707783
... A25: T49 | B25: {=INDIRECT("'C Impact of Technique'!M" & 3 + (ROW(A23)-1)*4)} -> 417.29232 | C25: {=INDIRECT("'C Impact of Technique'!M" & 4 + (ROW(A23)-1)*4)} -> 175.72839 | D25: {=INDIRECT("'C Impact of Technique'!Q" & 3 + (ROW(A23)-1)*4)*100} -> -57.88842 | E25: small | F25: {=INDIRECT("'C Impact of Technique'!M" & 5 + (ROW(A23)-1)*4)} -> 7.25401 | G25: {=INDIRECT("'C Impact of Technique'!M" & 6 + (ROW(A23)-1)*4)} -> 40.78688 | H25: {=INDIRECT("'C Impact of Technique'!Q" & 5 + (ROW(D23)-1)*4)*100} -> 462.26666 | I25: medium | J25: =AVERAGE(D25,H25) -> 202.18912
D32: Optimization level O0 | I32: Optimization level O3
D33: Impact | E33: Average | F33: Min | G33: Max | I33: Impact | J33: Average | K33: Min | L33: Max
D34: Reduction | E34: {=AVERAGE(_xlfn._xlws.FILTER($D$3:$D$25, ISNUMBER(MATCH($A$3:$A$25, _xlfn.TEXTSPLIT(_xlfn.TEXTJOIN(", ", TRUE, O5:O7), ", "), 0))))} -> -28.8259 | F34: {=MIN(_xlfn._xlws.FILTER($D$3:$D$25, ISNUMBER(MATCH($A$3:$A$25, _xlfn.TEXTSPLIT(_xlfn.TEXTJOIN(", ", TRUE, O5:O7), ", "), 0))))} -> -99.694507 | G34: {=MAX(_xlfn._xlws.FILTER($D$3:$D$25, ISNUMBER(MATCH($A$3:$A$25, _xlfn.TEXTSPLIT(_xlfn.TEXTJOIN(", ", TRUE, O5:O7), ", "), 0))))} -> -3.0656934 | I34: Reduction | J34: {=AVERAGE(_xlfn._xlws.FILTER($H$3:$H$25, ISNUMBER(MATCH($A$3:$A$25, _xlfn.TEXTSPLIT(_xlfn.TEXTJOIN(", ", TRUE, S5:S7), ", "), 0))))} -> -47.721318 | K34: {=MIN(_xlfn._xlws.FILTER($H$3:$H$25, ISNUMBER(MATCH($A$3:$A$25, _xlfn.TEXTSPLIT(_xlfn.TEXTJOIN(", ", TRUE, S5:S7), ", "), 0))))} -> -99.870452 | L34: {=MAX(_xlfn._xlws.FILTER($H$3:$H$25, ISNUMBER(MATCH($A$3:$A$25, _xlfn.TEXTSPLIT(_xlfn.TEXTJOIN(", ", TRUE, S5:S7), ", "), 0))))} -> -3.0946806
D35: No impact | E35: {=AVERAGE(_xlfn._xlws.FILTER($D$3:$D$25, ISNUMBER(MATCH($A$3:$A$25, _xlfn.TEXTSPLIT(_xlfn.TEXTJOIN(", ", TRUE, O8), ", "), 0))))} -> -0.34512125 | F35: {=MIN(_xlfn._xlws.FILTER($D$3:$D$25, ISNUMBER(MATCH($A$3:$A$25, _xlfn.TEXTSPLIT(_xlfn.TEXTJOIN(", ", TRUE, O8), ", "), 0))))} -> -0.51705974 | G35: {=MAX(_xlfn._xlws.FILTER($D$3:$D$25, ISNUMBER(MATCH($A$3:$A$25, _xlfn.TEXTSPLIT(_xlfn.TEXTJOIN(", ", TRUE, O8), ", "), 0))))} -> -0.17318276 | I35: No impact | J35: {=AVERAGE(_xlfn._xlws.FILTER($H$3:$H$25, ISNUMBER(MATCH($A$3:$A$25, _xlfn.TEXTSPLIT(_xlfn.TEXTJOIN(", ", TRUE, S8), ", "), 0))))} -> 2.7830647 | K35: {=MIN(_xlfn._xlws.FILTER($H$3:$H$25, ISNUMBER(MATCH($A$3:$A$25, _xlfn.TEXTSPLIT(_xlfn.TEXTJOIN(", ", TRUE, S8), ", "), 0))))} -> 2.7830647 | L35: {=MAX(_xlfn._xlws.FILTER($H$3:$H$25, ISNUMBER(MATCH($A$3:$A$25, _xlfn.TEXTSPLIT(_xlfn.TEXTJOIN(", ", TRUE, S8), ", "), 0))))} -> 2.7830647
D36: Increase | E36: {=AVERAGE(_xlfn._xlws.FILTER($D$3:$D$25, ISNUMBER(MATCH($A$3:$A$25, _xlfn.TEXTSPLIT(_xlfn.TEXTJOIN(", ", TRUE, O9:O11), ", "), 0))))} -> 45.689042 | F36: {=MIN(_xlfn._xlws.FILTER($D$3:$D$25, ISNUMBER(MATCH($A$3:$A$25, _xlfn.TEXTSPLIT(_xlfn.TEXTJOIN(", ", TRUE, O9:O11), ", "), 0))))} -> 3.7100179 | G36: {=MAX(_xlfn._xlws.FILTER($D$3:$D$25, ISNUMBER(MATCH($A$3:$A$25, _xlfn.TEXTSPLIT(_xlfn.TEXTJOIN(", ", TRUE, O9:O11), ", "), 0))))} -> 113.0198 | I36: Increase | J36: {=AVERAGE(_xlfn._xlws.FILTER($H$3:$H$25, ISNUMBER(MATCH($A$3:$A$25, _xlfn.TEXTSPLIT(_xlfn.TEXTJOIN(", ", TRUE, S9:S11), ", "), 0))))} -> 71.325412 | K36: {=MIN(_xlfn._xlws.FILTER($H$3:$H$25, ISNUMBER(MATCH($A$3:$A$25, _xlfn.TEXTSPLIT(_xlfn.TEXTJOIN(", ", TRUE, S9:S11), ", "), 0))))} -> 4.8401912 | L36: {=MAX(_xlfn._xlws.FILTER($H$3:$H$25, ISNUMBER(MATCH($A$3:$A$25, _xlfn.TEXTSPLIT(_xlfn.TEXTJOIN(", ", TRUE, S9:S11), ", "), 0))))} -> 462.26666

Sheet C Impact of Optimization
A1: Technique | B1: Test | C1: Optimization | D1: Time (s) | E1: Power | H1: Consumption (with baseline) | K1: Consumption (without baseline) | N1: Impact of Optimization (O3-O0)/O0%
E2: HDD (w) | F2: CPU (w) | G2: DUT (w) | H2: HDD (J) | I2: CPU (J) | J2: DUT (J) | K2: HDD (J) | L2: CPU (J) | M2: DUT (J) | N2: Time (s) | O2: HDD (J) | P2: CPU (J) | Q2: DUT (J)
A3: T4 | B3: Test1 | C3: O0 | D3: 4.711 | E3: 1.86 | F3: 22.25 | G3: 140.24 | H3: 8.76246 | I3: 104.81975 | J3: 660.67064 | K3: 6.78384 | L3: 102.08737 | M3: 221.55833 | N3: =(D4-D3)/D3 -> -0.33347485 | O3: =(K4-K3)/K3 -> -0.3288462 | P3: =(L4-L3)/L3 -> -0.42974728 | Q3: =(M4-M3)/M3 -> -0.46442727
C4: O3 | D4: 3.14 | E4: 1.87 | F4: 19.12 | G4: 131 | H4: 5.8718 | I4: 60.0368 | J4: 411.34 | K4: 4.553 | L4: 58.2156 | M4: 118.6606
B5: Test2 | C5: O0 | D5: 3.664 | E5: 1.87 | F5: 19.5 | G5: 132.07 | H5: 6.85168 | I5: 71.448 | J5: 483.90448 | K5: 5.3128 | L5: 69.32288 | M5: 142.38304 | N5: =(D6-D5)/D5 -> -0.71370087 | O5: =(K6-K5)/K5 -> -0.69593058 | P5: =(L6-L5)/L5 -> -0.82522437 | Q5: =(M6-M5)/M5 -> -0.85029341
C6: O3 | D6: 1.049 | E6: 1.96 | F6: 12.13 | G6: 113.52 | H6: 2.05604 | I6: 12.72437 | J6: 119.08248 | K6: 1.61546 | L6: 12.11595 | M6: 21.31568
A7: T7 | B7: Test1 | C7: O0 | D7: 2.094 | E7: 1.93 | F7: 15.48 | G7: 121.16 | H7: 4.04142 | I7: 32.41512 | J7: 253.70904 | K7: 3.16194 | L7: 31.2006 | M7: 63.53196 | N7: =(D8-D7)/D7 -> -0.00047755492 | O7: =(K8-K7)/K7 -> 0.006141799 | P7: =(L8-L7)/L7 -> -0.0058441184 | Q7: =(M8-M7)/M7 -> -0.0067369242
C8: O3 | D8: 2.093 | E8: 1.94 | F8: 15.4 | G8: 120.98 | H8: 4.06042 | I8: 32.2322 | J8: 253.21114 | K8: 3.18136 | L8: 31.01826 | M8: 63.10395
B9: Test2 | C9: O0 | D9: 1.046 | E9: 1.98 | F9: 15.2 | G9: 116.92 | H9: 2.07108 | I9: 15.8992 | J9: 122.29832 | K9: 1.63176 | L9: 15.29252 | M9: 27.3006 | N9: =(D10-D9)/D9 -> 0.00095602294 | O9: =(K10-K9)/K9 -> 0.0073724077 | P9: =(L10-L9)/L9 -> -0.014106243 | Q9: =(M10-M9)/M9 -> 0.040840861
C10: O3 | D10: 1.047 | E10: 1.99 | F10: 14.98 | G10: 117.96 | H10: 2.08353 | I10: 15.68406 | J10: 123.50412 | K10: 1.64379 | L10: 15.0768 | M10: 28.41558
A11: T8 | B11: Test1 | C11: O0 | D11: 4.711 | E11: 1.83 | F11: 25.14 | G11: 144.2 | H11: 8.62113 | I11: 118.43454 | J11: 679.3262 | K11: 6.64251 | L11: 115.70216 | M11: 243.32315 | N11: =(D12-D11)/D11 -> 3.8575674 | O11: =(K12-K11)/K11 -> 4.0298216 | P11: =(L12-L11)/L11 -> 3.2602607 | Q11: =(M12-M11)/M11 -> 3.6299718
C12: O3 | D12: 22.884 | E12: 1.88 | F12: 22.12 | G12: 141.77 | H12: 43.02192 | I12: 506.19408 | J12: 3244.2647 | K12: 33.41064 | L12: 492.92136 | M12: 1126.5793
B13: Test2 | C13: O0 | D13: 5.361 | E13: 1.91 | F13: 25.62 | G13: 146.35 | H13: 10.23951 | I13: 137.34882 | J13: 784.58235 | K13: 7.98789 | L13: 134.23944 | M13: 288.47541 | N13: =(D14-D13)/D13 -> -0.16340235 | O13: =(K14-K13)/K13 -> -0.16340235 | P13: =(L14-L13)/L13 -> -0.20616773 | Q13: =(M14-M13)/M13 -> -0.21424187
C14: O3 | D14: 4.485 | E14: 1.91 | F14: 24.34 | G14: 143.09 | H14: 8.56635 | I14: 109.1649 | J14: 641.75865 | K14: 6.68265 | L14: 106.5636 | M14: 226.6719
A15: T9 | B15: Test1 | C15: O0 | D15: 0.524 | E15: 2.04 | F15: 8.95 | G15: 106.49 | H15: 1.06896 | I15: 4.6898 | J15: 55.80076 | K15: 0.84888 | L15: 4.38588 | M15: 7.336 | N15: =(D16-D15)/D15 -> 0 | O15: =(K16-K15)/K15 -> 0.0061728395 | P15: =(L16-L15)/L15 -> -0.084826762 | Q15: =(M16-M15)/M15 -> -0.14071429
C16: O3 | D16: 0.524 | E16: 2.05 | F16: 8.24 | G16: 104.52 | H16: 1.0742 | I16: 4.31776 | J16: 54.76848 | K16: 0.85412 | L16: 4.01384 | M16: 6.30372
B17: Test2 | C17: O0 | D17: 0.524 | E17: 2.03 | F17: 8.2 | G17: 104.89 | H17: 1.06372 | I17: 4.2968 | J17: 54.96236 | K17: 0.84364 | L17: 3.99288 | M17: 6.4976 | N17: =(D18-D17)/D17 -> -0.0019083969 | O17: =(K18-K17)/K17 -> -0.01430705 | P17: =(L18-L17)/L17 -> -0.0084575544 | Q17: =(M18-M17)/M17 -> -0.059862103
C18: O3 | D18: 0.523 | E18: 2.01 | F18: 8.15 | G18: 104.17 | H18: 1.05123 | I18: 4.26245 | J18: 54.48091 | K18: 0.83157 | L18: 3.95911 | M18: 6.10864
A19: T10 | B19: Test1 | C19: O0 | D19: 76.261 | E19: 1.82 | F19: 27.27 | G19: 154.76 | H19: 138.79502 | I19: 2079.6375 | J19: 11802.152 | K19: 106.7654 | L19: 2035.4061 | M19: 4730.4698 | N19: =(D20-D19)/D19 -> 0.00036716015 | O19: =(K20-K19)/K19 -> 0.01465812 | P19: =(L20-L19)/L19 -> 0.0029908282 | Q19: =(M20-M19)/M19 -> 0.0042376763
C20: O3 | D20: 76.289 | E20: 1.84 | F20: 27.34 | G20: 155 | H20: 140.37176 | I20: 2085.7413 | J20: 11824.795 | K20: 108.33038 | L20: 2041.4936 | M20: 4750.516
B21: Test2 | C21: O0 | D21: 1.051 | E21: 1.95 | F21: 8.13 | G21: 106.48 | H21: 2.04945 | I21: 8.54463 | J21: 111.91048 | K21: 1.60803 | L21: 7.93505 | M21: 14.45125 | N21: =(D22-D21)/D21 -> -0.49952426 | O21: =(K22-K21)/K21 -> -0.47008451 | P21: =(L22-L21)/L21 -> -0.51477054 | Q21: =(M22-M21)/M21 -> -0.57414065
C22: O3 | D22: 0.526 | E22: 2.04 | F22: 7.9 | G22: 104.43 | H22: 1.07304 | I22: 4.1554 | J22: 54.93018 | K22: 0.85212 | L22: 3.85032 | M22: 6.1542
A23: T11 | B23: Test1 | C23: O0 | D23: 2.094 | E23: 1.94 | F23: 17.4 | G23: 126.84 | H23: 4.06236 | I23: 36.4356 | J23: 265.60296 | K23: 3.18288 | L23: 35.22108 | M23: 70.4631 | N23: =(D24-D23)/D23 -> -0.5 | O23: =(K24-K23)/K23 -> -0.47697368 | P23: =(L24-L23)/L23 -> -0.61355529 | Q23: =(M24-M23)/M23 -> -0.64933135
C24: O3 | D24: 1.047 | E24: 2.01 | F24: 13.58 | G24: 116.79 | H24: 2.10447 | I24: 14.21826 | J24: 122.27913 | K24: 1.66473 | L24: 13.611 | M24: 24.7092
B25: Test2 | C25: O0 | D25: 2.093 | E25: 1.94 | F25: 17.09 | G25: 125.22 | H25: 4.06042 | I25: 35.76937 | J25: 262.08546 | K25: 3.18136 | L25: 34.55543 | M25: 67.03879 | N25: =(D26-D25)/D25 -> -0.49976111 | O25: =(K26-K25)/K25 -> -0.48001484 | P25: =(L26-L25)/L25 -> -0.69367564 | Q25: =(M26-M25)/M25 -> -0.73262286
C26: O3 | D26: 1.047 | E26: 2 | F26: 10.69 | G26: 110.3 | H26: 2.094 | I26: 11.19243 | J26: 115.4841 | K26: 1.65426 | L26: 10.58517 | M26: 17.92464
A27: T12 | B27: Test1 | C27: O0 | D27: 1.047 | E27: 2 | F27: 13.98 | G27: 116.33 | H27: 2.094 | I27: 14.63706 | J27: 121.79751 | K27: 1.65426 | L27: 14.0298 | M27: 23.52609 | N27: =(D28-D27)/D27 -> -0.43266476 | O27: =(K28-K27)/K27 -> -0.40393892 | P27: =(L28-L27)/L27 -> -0.6447804 | Q27: =(M28-M27)/M27 -> -0.66242669
C28: O3 | D28: 0.594 | E28: 2.08 | F28: 8.97 | G28: 107.23 | H28: 1.23552 | I28: 5.32818 | J28: 63.69462 | K28: 0.98604 | L28: 4.98366 | M28: 7.94178
B29: Test2 | C29: O0 | D29: 1.047 | E29: 2 | F29: 10.54 | G29: 111.73 | H29: 2.094 | I29: 11.03538 | J29: 116.98131 | K29: 1.65426 | L29: 10.42812 | M29: 18.69942 | N29: =(D30-D29)/D29 -> -0.41642789 | O29: =(K30-K29)/K29 -> -0.38687993 | P29: =(L30-L29)/L29 -> -0.51193216 | Q29: =(M30-M29)/M29 -> -0.54320615
C30: O3 | D30: 0.611 | E30: 2.08 | F30: 8.91 | G30: 107.85 | H30: 1.27088 | I30: 5.44401 | J30: 65.89635 | K30: 1.01426 | L30: 5.08963 | M30: 8.54178
A31: T13 | B31: Test1 | C31: O0 | D31: 8.376 | E31: 1.92 | F31: 23.19 | G31: 141.44 | H31: 16.08192 | I31: 194.23944 | J31: 1184.7014 | K31: 12.564 | L31: 189.38136 | M31: 418.63248 | N31: =(D32-D31)/D31 -> -0.25011939 | O31: =(K32-K31)/K31 -> -0.25011939 | P31: =(L32-L31)/L31 -> -0.28295361 | Q31: =(M32-M31)/M31 -> -0.29603045
C32: O3 | D32: 6.281 | E32: 1.92 | F32: 22.2 | G32: 138.38 | H32: 12.05952 | I32: 139.4382 | J32: 869.16478 | K32: 9.4215 | L32: 135.79522 | M32: 294.70452
B33: Test2 | C33: O0 | D33: 8.422 | E33: 1.92 | F33: 22.94 | G33: 140.91 | H33: 16.17024 | I33: 193.20068 | J33: 1186.744 | K33: 12.633 | L33: 188.31592 | M33: 416.4679 | N33: =(D34-D33)/D33 -> -0.31358347 | O33: =(K34-K33)/K33 -> -0.31358347 | P33: =(L34-L33)/L33 -> -0.37375236 | Q33: =(M34-M33)/M33 -> -0.3710509
C34: O3 | D34: 5.781 | E34: 1.92 | F34: 20.98 | G34: 136.77 | H34: 11.09952 | I34: 121.28538 | J34: 790.66737 | K34: 8.6715 | L34: 117.9324 | M34: 261.93711
A35: T16 | B35: Test1 | C35: O0 | D35: 1.047 | E35: 1.96 | F35: 10.33 | G35: 110.49 | H35: 2.05212 | I35: 11.91486 | J35: 117.61998 | K35: 1.61238 | L35: 11.3076 | M35: 20.51073 | N35: =(D36-D35)/D35 -> 0 | O35: =(K36-K35)/K35 -> -0.34694055 | P35: =(L36-L35)/L35 -> -0.53153631 | Q35: =(M36-M35)/M35 -> -0.57323313
C36: O3 | D36: 1.047 | E36: 1.96 | F36: 11.38 | G36: 112.34 | H36: 1.3243 | I36: 5.67188 | J36: 68.67626 | K36: 1.05298 | L36: 5.2972 | M36: 8.7533
B37: Test2 | C37: O0 | D37: 0.68 | E37: 2.07 | F37: 8.61 | G37: 105.35 | H37: 2.05212 | I37: 10.81551 | J37: 115.68303 | K37: 1.61238 | L37: 10.20825 | M37: 18.56331 | N37: =(D38-D37)/D37 -> -0.05 | O37: =(K38-K37)/K37 -> -0.33386671 | P37: =(L38-L37)/L37 -> -0.47782235 | Q37: =(M38-M37)/M37 -> -0.51533913
C38: O3 | D38: 0.646 | E38: 2.05 | F38: 8.78 | G38: 106.31 | H38: 1.35252 | I38: 5.71506 | J38: 70.49016 | K38: 1.07406 | L38: 5.33052 | M38: 8.99691
A39: T17 | B39: Test1 | C39: O0 | D39: 1.046 | E39: 1.94 | F39: 10.4 | G39: 109.59 | H39: 2.02924 | I39: 10.8784 | J39: 114.63114 | K39: 1.58992 | L39: 10.27172 | M39: 18.54558 | N39: =(D40-D39)/D39 -> -0.33269598 | O39: =(K40-K39)/K39 -> -0.29757472 | P39: =(L40-L39)/L39 -> -0.4645259 | Q39: =(M40-M39)/M39 -> -0.42490664
C40: O3 | D40: 0.698 | E40: 2.02 | F40: 8.46 | G40: 107.14 | H40: 1.40996 | I40: 5.90508 | J40: 74.78372 | K40: 1.1168 | L40: 5.50024 | M40: 10.66544
B41: Test2 | C41: O0 | D41: 1.047 | E41: 1.99 | F41: 10.69 | G41: 110.56 | H41: 2.08353 | I41: 11.19243 | J41: 115.75632 | K41: 1.64379 | L41: 10.58517 | M41: 19.5789 | N41: =(D42-D41)/D41 -> -0.35052531 | O41: =(K42-K41)/K41 -> -0.31743106 | P41: =(L42-L41)/L41 -> -0.48414622 | Q41: =(M42-M41)/M41 -> -0.5311279
C42: O3 | D42: 0.68 | E42: 2.07 | F42: 8.61 | G42: 105.35 | H42: 1.4076 | I42: 5.8548 | J42: 71.638 | K42: 1.122 | L42: 5.4604 | M42: 9.18
A43: T19 | B43: Test1 | C43: O0 | D43: 12.789 | E43: 1.84 | F43: 23.15 | G43: 144.81 | H43: 23.53176 | I43: 296.06535 | J43: 1851.9751 | K43: 18.16038 | L43: 288.64773 | M43: 673.59663 | N43: =(D44-D43)/D43 -> -0.87723825 | O43: =(K44-K43)/K43 -> -0.8703221 | P43: =(L44-L43)/L43 -> -0.9181407 | Q43: =(M44-M43)/M43 -> -0.93149862
C44: O3 | D44: 1.57 | E44: 1.92 | F44: 15.63 | G44: 121.52 | H44: 3.0144 | I44: 24.5391 | J44: 190.7864 | K44: 2.355 | L44: 23.6285 | M44: 46.1423
B45: Test2 | C45: O0 | D45: 17.813 | E45: 1.84 | F45: 22.12 | G45: 141.95 | H45: 32.77592 | I45: 394.02356 | J45: 2528.5553 | K45: 25.29446 | L45: 383.69202 | M45: 887.26553 | N45: =(D46-D45)/D45 -> -0.91146915 | O45: =(K46-K45)/K45 -> -0.9064815 | P45: =(L46-L45)/L45 -> -0.92963565 | Q45: =(M46-M45)/M45 -> -0.94337296
C46: O3 | D46: 1.577 | E46: 1.92 | F46: 17.7 | G46: 124 | H46: 3.02784 | I46: 27.9129 | J46: 195.548 | K46: 2.3655 | L46: 26.99824 | M46: 50.24322
A47: T20 | B47: Test1 | C47: O0 | D47: 8.898 | E47: 1.86 | F47: 21.7 | G47: 139.43 | H47: 16.55028 | I47: 193.0866 | J47: 1240.6481 | K47: 12.81312 | L47: 187.92576 | M47: 436.98078 | N47: =(D48-D47)/D47 -> -0.88233311 | O47: =(K48-K47)/K47 -> -0.87334467 | P47: =(L48-L47)/L47 -> -0.92545535 | Q47: =(M48-M47)/M47 -> -0.93851899
C48: O3 | D48: 1.047 | E48: 1.97 | F48: 13.96 | G48: 115.99 | H48: 2.06259 | I48: 14.61612 | J48: 121.44153 | K48: 1.62285 | L48: 14.00886 | M48: 26.86602
B49: Test2 | C49: O0 | D49: 3.525 | E49: 1.88 | F49: 19.65 | G49: 131.57 | H49: 6.627 | I49: 69.26625 | J49: 463.78425 | K49: 5.1465 | L49: 67.22175 | M49: 145.371 | N49: =(D50-D49)/D49 -> -0.55262411 | O49: =(K50-K49)/K49 -> -0.5342388 | P49: =(L50-L49)/L49 -> -0.6879864 | Q49: =(M50-M49)/M49 -> -0.69603607
C50: O3 | D50: 1.577 | E50: 1.94 | F50: 13.88 | G50: 118.34 | H50: 3.05938 | I50: 21.88876 | J50: 186.62218 | K50: 2.39704 | L50: 20.9741 | M50: 44.18754
A51: T25 | B51: Test1 | C51: O0 | D51: 18.794 | E51: 1.87 | F51: 22.12 | G51: 140.11 | H51: 35.14478 | I51: 415.72328 | J51: 2633.2273 | K51: 27.2513 | L51: 404.82276 | M51: 900.2326 | N51: =(D52-D51)/D51 -> -0.74832393 | O51: =(K52-K51)/K51 -> -0.74485254 | P51: =(L52-L51)/L51 -> -0.77040693 | Q51: =(M52-M51)/M51 -> -0.78562874
C52: O3 | D52: 4.73 | E52: 1.89 | F52: 20.23 | G52: 133 | H52: 8.9397 | I52: 95.6879 | J52: 629.09 | K52: 6.9531 | L52: 92.9445 | M52: 192.984
B53: Test2 | C53: O0 | D53: 15.365 | E53: 1.87 | F53: 21.9 | G53: 139.66 | H53: 28.73255 | I53: 336.4935 | J53: 2145.8759 | K53: 22.27925 | L53: 327.5818 | M53: 729.2229 | N53: =(D54-D53)/D53 -> -0.76055971 | O53: =(K54-K53)/K53 -> -0.75560578 | P53: =(L54-L53)/L53 -> -0.78740128 | Q53: =(M54-M53)/M53 -> -0.80076913
C54: O3 | D54: 3.679 | E54: 1.9 | F54: 19.51 | G54: 131.7 | H54: 6.9901 | I54: 71.77729 | J54: 484.5243 | K54: 5.44492 | L54: 69.64347 | M54: 145.28371
A55: T26 | B55: Test1 | C55: O0 | D55: 18.322 | E55: 1.98 | F55: 23.81 | G55: 143.98 | H55: 36.27756 | I55: 436.24682 | J55: 2638.0016 | K55: 32.9796 | L55: 425.62006 | M55: 946.51452 | N55: =(D56-D55)/D55 -> -0.71318633 | O55: =(K56-K55)/K55 -> -0.71159292 | P55: =(L56-L55)/L55 -> -0.73331144 | Q55: =(M56-M55)/M55 -> -0.74794153
C56: O3 | D56: 5.255 | E56: 1.99 | F56: 22.18 | G56: 137.73 | H56: 10.45745 | I56: 116.5559 | J56: 723.77115 | K56: 9.51155 | L56: 113.508 | M56: 238.577
B57: Test2 | C57: O0 | D57: 18.924 | E57: 1.98 | F57: 22.62 | G57: 142.26 | H57: 37.46952 | I57: 428.06088 | J57: 2692.1282 | K57: 34.0632 | L57: 417.08496 | M57: 944.87532 | N57: =(D58-D57)/D57 -> -0.94261256 | O57: =(K58-K57)/K57 -> -0.93878673 | P57: =(L58-L57)/L57 -> -0.96617682 | Q57: =(M58-M57)/M57 -> -0.9722545
C58: O3 | D58: 1.086 | E58: 2.1 | F58: 13.57 | G58: 116.47 | H58: 2.2806 | I58: 14.73702 | J58: 126.48642 | K58: 2.08512 | L58: 14.10714 | M58: 26.21604
A59: T28 | B59: Test1 | C59: O0 | D59: 7.311 | E59: 1.92 | F59: 22.46 | G59: 140.39 | H59: 14.03712 | I59: 164.20506 | J59: 1026.3913 | K59: 10.9665 | L59: 159.96468 | M59: 344.20188 | N59: =(D60-D59)/D59 -> -0.7852551 | O59: =(K60-K59)/K59 -> -0.77809693 | P59: =(L60-L59)/L59 -> -0.88202771 | Q59: =(M60-M59)/M59 -> -0.89559238
C60: O3 | D60: 1.57 | E60: 1.97 | F60: 12.6 | G60: 116.2 | H60: 3.0929 | I60: 19.782 | J60: 182.434 | K60: 2.4335 | L60: 18.8714 | M60: 35.9373
B61: Test2 | C61: O0 | D61: 14.167 | E61: 1.9 | F61: 22.66 | G61: 142.28 | H61: 26.9173 | I61: 321.02422 | J61: 2015.6808 | K61: 20.96716 | L61: 312.80736 | M61: 693.75799 | N61: =(D62-D61)/D61 -> -0.91099033 | O61: =(K62-K61)/K61 -> -0.90557758 | P61: =(L62-L61)/L61 -> -0.94303865 | Q61: =(M62-M61)/M61 -> -0.95148728
C62: O3 | D62: 1.261 | E62: 1.99 | F62: 14.71 | G62: 120 | H62: 2.50939 | I62: 18.54931 | J62: 151.32 | K62: 1.97977 | L62: 17.81793 | M62: 33.65609
A63: T29 | B63: Test1 | C63: O0 | D63: 1.047 | E63: 1.98 | F63: 7.92 | G63: 105.06 | H63: 2.07306 | I63: 8.29224 | J63: 109.99782 | K63: 1.63332 | L63: 7.68498 | M63: 14.3439 | N63: =(D64-D63)/D63 -> -0.49952245 | O63: =(K64-K63)/K63 -> -0.46102417 | P63: =(L64-L63)/L63 -> -0.50224984 | Q63: =(M64-M63)/M63 -> -0.55066614
C64: O3 | D64: 0.524 | E64: 2.1 | F64: 7.88 | G64: 103.66 | H64: 1.1004 | I64: 4.12912 | J64: 54.31784 | K64: 0.88032 | L64: 3.8252 | M64: 6.4452
B65: Test2 | C65: O0 | D65: 1.047 | E65: 1.99 | F65: 8.03 | G65: 104.64 | H65: 2.08353 | I65: 8.40741 | J65: 109.55808 | K65: 1.64379 | L65: 7.80015 | M65: 13.90416 | N65: =(D66-D65)/D65 -> -0.50047755 | O65: =(K66-K65)/K65 -> -0.46547917 | P65: =(L66-L65)/L65 -> -0.50315955 | Q65: =(M66-M65)/M65 -> -0.51401883
C66: O3 | D66: 0.523 | E66: 2.1 | F66: 7.99 | G66: 104.28 | H66: 1.0983 | I66: 4.17877 | J66: 54.53844 | K66: 0.87864 | L66: 3.87543 | M66: 6.75716
A67: T31 | B67: Test1 | C67: O0 | D67: 16.071 | E67: 3.2 | F67: 26.65 | G67: 153.38 | H67: 51.4272 | I67: 428.29215 | J67: 2464.97 | K67: 44.67738 | L67: 418.97097 | M67: 978.7239 | N67: =(D68-D67)/D67 -> -0.21884139 | O67: =(K68-K67)/K67 -> -0.15421316 | P67: =(L68-L67)/L67 -> -0.22513381 | Q67: =(M68-M67)/M67 -> -0.22705061
C68: O3 | D68: 12.554 | E68: 3.43 | F68: 26.44 | G68: 152.75 | H68: 43.06022 | I68: 331.92776 | J68: 1917.6235 | K68: 37.78754 | L68: 324.64644 | M68: 756.50404
B69: Test2 | C69: O0 | D69: 32.399 | E69: 3.08 | F69: 27.9 | G69: 156.83 | H69: 99.78892 | I69: 903.9321 | J69: 5081.1352 | K69: 86.18134 | L69: 885.14068 | M69: 2084.8756 | N69: =(D70-D69)/D69 -> -0.18923424 | O69: =(K70-K69)/K69 -> -0.1282744 | P69: =(L70-L69)/L69 -> -0.1877504 | Q69: =(M70-M69)/M69 -> -0.17550098
C70: O3 | D70: 26.268 | E70: 3.28 | F70: 27.95 | G70: 157.93 | H70: 86.15904 | I70: 734.1906 | J70: 4148.5052 | K70: 75.12648 | L70: 718.95516 | M70: 1718.9779
A71: T32 | B71: Test1 | C71: O0 | D71: 1.047 | E71: 2 | F71: 9.37 | G71: 108.03 | H71: 2.094 | I71: 9.81039 | J71: 113.10741 | K71: 1.65426 | L71: 9.20313 | M71: 18.96117 | N71: =(D72-D71)/D71 -> -0.49952245 | O71: =(K72-K71)/K71 -> -0.46467907 | P71: =(L72-L71)/L71 -> -0.57695697 | Q71: =(M72-M71)/M71 -> -0.62332915
C72: O3 | D72: 0.524 | E72: 2.11 | F72: 8.01 | G72: 103.56 | H72: 1.10564 | I72: 4.19724 | J72: 54.26544 | K72: 0.88556 | L72: 3.89332 | M72: 7.14212
B73: Test2 | C73: O0 | D73: 1.047 | E73: 1.98 | F73: 8.32 | G73: 105.09 | H73: 2.07306 | I73: 8.71104 | J73: 110.02923 | K73: 1.63332 | L73: 8.11425 | M73: 15.87252 | N73: =(D74-D73)/D73 -> -0.49952245 | O73: =(K74-K73)/K73 -> -0.45781598 | P73: =(L74-L73)/L73 -> -0.52147888 | Q73: =(M74-M73)/M73 -> -0.51999052
C74: O3 | D74: 0.524 | E74: 2.11 | F74: 7.99 | G74: 104.47 | H74: 1.10564 | I74: 4.18676 | J74: 54.74228 | K74: 0.88556 | L74: 3.88284 | M74: 7.61896
A75: T33 | B75: Test1 | C75: O0 | D75: 1.012 | E75: 2.03 | F75: 13.38 | G75: 114.18 | H75: 2.05436 | I75: 13.54056 | J75: 115.55016 | K75: 1.62932 | L75: 12.9536 | M75: 24.97616 | N75: =(D76-D75)/D75 -> 0.03458498 | O75: =(K76-K75)/K75 -> 0.03458498 | P75: =(L76-L75)/L75 -> -0.21112895 | Q75: =(M76-M75)/M75 -> -0.18591409
C76: O3 | D76: 1.047 | E76: 2.03 | F76: 10.34 | G76: 108.91 | H76: 2.12541 | I76: 10.82598 | J76: 114.02877 | K76: 1.68567 | L76: 10.21872 | M76: 20.33274
B77: Test2 | C77: O0 | D77: 1.047 | E77: 2.02 | F77: 12.99 | G77: 114.23 | H77: 2.11494 | I77: 13.60053 | J77: 119.59881 | K77: 1.6752 | L77: 12.99327 | M77: 25.90278 | N77: =(D78-D77)/D77 -> 0 | O77: =(K78-K77)/K77 -> 0.00625 | P77: =(L78-L77)/L77 -> -0.21273167 | Q77: =(M78-M77)/M77 -> -0.16814875
C78: O3 | D78: 1.047 | E78: 2.03 | F78: 10.35 | G78: 110.07 | H78: 2.12541 | I78: 10.83645 | J78: 115.24329 | K78: 1.68567 | L78: 10.22919 | M78: 21.54726
A79: T36 | B79: Test1 | C79: O0 | D79: 4.187 | E79: 1.89 | F79: 21.59 | G79: 136.65 | H79: 7.91343 | I79: 90.39733 | J79: 572.15355 | K79: 6.15489 | L79: 87.96887 | M79: 178.74303 | N79: =(D80-D79)/D79 -> -0.87508956 | O79: =(K80-K79)/K79 -> -0.85639548 | P79: =(L80-L79)/L79 -> -0.95576708 | Q79: =(M80-M79)/M79 -> -0.97035974
C80: O3 | D80: 0.523 | E80: 2.11 | F80: 8.02 | G80: 104.1 | H80: 1.10353 | I80: 4.19446 | J80: 54.4443 | K80: 0.88387 | L80: 3.89112 | M80: 5.29799
B81: Test2 | C81: O0 | D81: 4.205 | E81: 1.9 | F81: 20.94 | G81: 134.64 | H81: 7.9895 | I81: 88.0527 | J81: 566.1612 | K81: 6.2234 | L81: 85.6138 | M81: 171.01735 | N81: =(D82-D81)/D81 -> -0.87562426 | O81: =(K82-K81)/K81 -> -0.85797635 | P81: =(L82-L81)/L81 -> -0.95436705 | Q81: =(M82-M81)/M81 -> -0.96590141
C82: O3 | D82: 0.523 | E82: 2.11 | F82: 8.05 | G82: 105.12 | H82: 1.10353 | I82: 4.21015 | J82: 54.97776 | K82: 0.88387 | L82: 3.90681 | M82: 5.83145
A83: T40 | B83: Test1 | C83: O0 | D83: 11.516 | E83: 1.89 | F83: 24.32 | G83: 144.61 | H83: 21.76524 | I83: 280.06912 | J83: 1665.3288 | K83: 16.92852 | L83: 273.38984 | M83: 625.08848 | N83: =(D84-D83)/D83 -> -0.5452414 | O83: =(K84-K83)/K83 -> -0.5452414 | P83: =(L84-L83)/L83 -> -0.57071861 | Q83: =(M84-M83)/M83 -> -0.57825078
C84: O3 | D84: 5.237 | E84: 1.89 | F84: 22.99 | G84: 140.68 | H84: 9.89793 | I84: 120.39863 | J84: 736.74116 | K84: 7.69839 | L84: 117.36117 | M84: 263.63058
B85: Test2 | C85: O0 | D85: 10.512 | E85: 1.9 | F85: 22.71 | G85: 141.96 | H85: 19.9728 | I85: 238.72752 | J85: 1492.2835 | K85: 15.55776 | L85: 232.63056 | M85: 542.62944 | N85: =(D86-D85)/D85 -> -0.84998097 | O85: =(K86-K85)/K85 -> -0.84288548 | P85: =(L86-L85)/L85 -> -0.88489277 | Q85: =(M86-M85)/M85 -> -0.9039204
C86: O3 | D86: 1.577 | E86: 1.97 | F86: 17.56 | G86: 123.4 | H86: 3.10669 | I86: 27.69212 | J86: 194.6018 | K86: 2.44435 | L86: 26.77746 | M86: 52.13562
A87: T44 | B87: Test1 | C87: O0 | D87: 0.523 | E87: 2.11 | F87: 4.92 | G87: 100.63 | H87: 1.10353 | I87: 2.57316 | J87: 52.62949 | K87: 0.88387 | L87: 2.26982 | M87: 4.05848 | N87: =(D88-D87)/D87 -> 0 | O87: =(K88-K87)/K87 -> -0.01183432 | P87: =(L88-L87)/L87 -> 0 | Q87: =(M88-M87)/M87 -> -0.097938144
C88: O3 | D88: 0.523 | E88: 2.09 | F88: 4.92 | G88: 99.88 | H88: 1.09307 | I88: 2.57316 | J88: 52.23724 | K88: 0.87341 | L88: 2.26982 | M88: 3.661
B89: Test2 | C89: O0 | D89: 0.523 | E89: 2.11 | F89: 4.91 | G89: 99.62 | H89: 1.10353 | I89: 2.56793 | J89: 52.10126 | K89: 0.88387 | L89: 2.26459 | M89: 3.52502 | N89: =(D90-D89)/D89 -> 0 | O89: =(K90-K89)/K89 -> 0.0059171598 | P89: =(L90-L89)/L89 -> 0.0046189376 | Q89: =(M90-M89)/M89 -> 0.19732938
C90: O3 | D90: 0.523 | E90: 2.12 | F90: 4.93 | G90: 100.94 | H90: 1.10876 | I90: 2.57839 | J90: 52.79162 | K90: 0.8891 | L90: 2.27505 | M90: 4.22061
A91: T49 | B91: Test1 | C91: O0 | D91: 8.376 | E91: 1.99 | F91: 22.53 | G91: 139.42 | H91: 16.66824 | I91: 188.71128 | J91: 1167.7819 | K91: 13.15032 | L91: 183.8532 | M91: 417.29232 | N91: =(D92-D91)/D91 -> -0.93755969 | O91: =(K92-K91)/K91 -> -0.92841239 | P91: =(L92-L91)/L91 -> -0.97875038 | Q91: =(M92-M91)/M91 -> -0.98261648
C92: O3 | D92: 0.523 | E92: 2.22 | F92: 8.05 | G92: 103.47 | H92: 1.16106 | I92: 4.21015 | J92: 54.11481 | K92: 0.9414 | L92: 3.90681 | M92: 7.25401
B93: Test2 | C93: O0 | D93: 4.187 | E93: 1.99 | F93: 19.66 | G93: 131.57 | H93: 8.33213 | I93: 82.31642 | J93: 550.88359 | K93: 6.57359 | L93: 79.88796 | M93: 175.72839 | N93: =(D94-D93)/D93 -> -0.62359685 | O93: =(K94-K93)/K93 -> -0.61160949 | P93: =(L94-L93)/L93 -> -0.7620848 | Q93: =(M94-M93)/M93 -> -0.76789818
C94: O3 | D94: 1.576 | E94: 2.04 | F94: 12.64 | G94: 115.48 | H94: 3.21504 | I94: 19.92064 | J94: 181.99648 | K94: 2.55312 | L94: 19.00656 | M94: 40.78688

Sheet C Optimization results
B1: Standard | F1: Efficient
A2: Technique | B2: Optimization level O0 (J) | C2: Optimization level O3 (J) | D2: Impact (%) | E2: Effect size | F2: Optimization level O0 (J) | G2: Optimization level O3 (J) | H2: Impact (%) | I2: Effect size | J2: Average impact (%)
A3: T4 | B3: {=INDIRECT("'C Impact of Optimization'!M" & 3 + (ROW(A1)-1)*4)} -> 221.55833 | C3: {=INDIRECT("'C Impact of Optimization'!M" & 4 + (ROW(A1)-1)*4)} -> 118.6606 | D3: {=INDIRECT("'C Impact of Optimization'!Q" & 3 + (ROW(A1)-1)*4)*100} -> -46.442727 | E3: large | F3: {=INDIRECT("'C Impact of Optimization'!M" & 5 + (ROW(A1)-1)*4)} -> 142.38304 | G3: {=INDIRECT("'C Impact of Optimization'!M" & 6 + (ROW(A1)-1)*4)} -> 21.31568 | H3: {=INDIRECT("'C Impact of Optimization'!Q" & 5 + (ROW(D1)-1)*4)*100} -> -85.029341 | I3: large | J3: =AVERAGE(D3,H3) -> -65.736034 | N3: Standard | R3: Efficient
A4: T7 | B4: {=INDIRECT("'C Impact of Optimization'!M" & 3 + (ROW(A2)-1)*4)} -> 63.53196 | C4: {=INDIRECT("'C Impact of Optimization'!M" & 4 + (ROW(A2)-1)*4)} -> 63.10395 | D4: {=INDIRECT("'C Impact of Optimization'!Q" & 3 + (ROW(A2)-1)*4)*100} -> -0.67369242 | E4: large | F4: {=INDIRECT("'C Impact of Optimization'!M" & 5 + (ROW(A2)-1)*4)} -> 27.3006 | G4: {=INDIRECT("'C Impact of Optimization'!M" & 6 + (ROW(A2)-1)*4)} -> 28.41558 | H4: {=INDIRECT("'C Impact of Optimization'!Q" & 5 + (ROW(D2)-1)*4)*100} -> 4.0840861 | I4: large | J4: =AVERAGE(D4,H4) -> 1.7051968 | N4: Impact | O4: Techniques | R4: Impact | S4: Techniques
A5: T8 | B5: {=INDIRECT("'C Impact of Optimization'!M" & 3 + (ROW(A3)-1)*4)} -> 243.32315 | C5: {=INDIRECT("'C Impact of Optimization'!M" & 4 + (ROW(A3)-1)*4)} -> 1126.5793 | D5: {=INDIRECT("'C Impact of Optimization'!Q" & 3 + (ROW(A3)-1)*4)*100} -> 362.99718 | E5: small~ | F5: {=INDIRECT("'C Impact of Optimization'!M" & 5 + (ROW(A3)-1)*4)} -> 288.47541 | G5: {=INDIRECT("'C Impact of Optimization'!M" & 6 + (ROW(A3)-1)*4)} -> 226.6719 | H5: {=INDIRECT("'C Impact of Optimization'!Q" & 5 + (ROW(D3)-1)*4)*100} -> -21.424187 | I5: medium | J5: =AVERAGE(D5,H5) -> 170.7865 | N5: <= -75 | O5: {=_xlfn.TEXTJOIN(", ", TRUE, IF(D3:D25 <= -75, A3:A25, ""))} -> T19, T20, T25, T28, T36, T49 | R5: <= -75 | S5: {=_xlfn.TEXTJOIN(", ", TRUE, IF(H3:H25 <= -75, A3:A25, ""))} -> T4, T19, T25, T26, T28, T36, T40, T49
A6: T9 | B6: {=INDIRECT("'C Impact of Optimization'!M" & 3 + (ROW(A4)-1)*4)} -> 7.336 | C6: {=INDIRECT("'C Impact of Optimization'!M" & 4 + (ROW(A4)-1)*4)} -> 6.30372 | D6: {=INDIRECT("'C Impact of Optimization'!Q" & 3 + (ROW(A4)-1)*4)*100} -> -14.071429 | E6: large | F6: {=INDIRECT("'C Impact of Optimization'!M" & 5 + (ROW(A4)-1)*4)} -> 6.4976 | G6: {=INDIRECT("'C Impact of Optimization'!M" & 6 + (ROW(A4)-1)*4)} -> 6.10864 | H6: {=INDIRECT("'C Impact of Optimization'!Q" & 5 + (ROW(D4)-1)*4)*100} -> -5.9862103 | I6: large | J6: =AVERAGE(D6,H6) -> -10.028819 | N6: > -75 & <= -25 | O6: {=_xlfn.TEXTJOIN(", ", TRUE, IF((D3:D25 > -75) * (D3:D25 <= -25), A3:A25, ""))} -> T4, T11, T12, T13, T16, T17, T26, T29, T32, T40 | R6: > -75 & <= -25 | S6: {=_xlfn.TEXTJOIN(", ", TRUE, IF((H3:H25 > -75) * (H3:H25 <= -25), A3:A25, ""))} -> T10, T11, T12, T13, T16, T17, T20, T29, T32
A7: T10 | B7: {=INDIRECT("'C Impact of Optimization'!M" & 3 + (ROW(A5)-1)*4)} -> 4730.4698 | C7: {=INDIRECT("'C Impact of Optimization'!M" & 4 + (ROW(A5)-1)*4)} -> 4750.516 | D7: {=INDIRECT("'C Impact of Optimization'!Q" & 3 + (ROW(A5)-1)*4)*100} -> 0.42376763 | E7: medium | F7: {=INDIRECT("'C Impact of Optimization'!M" & 5 + (ROW(A5)-1)*4)} -> 14.45125 | G7: {=INDIRECT("'C Impact of Optimization'!M" & 6 + (ROW(A5)-1)*4)} -> 6.1542 | H7: {=INDIRECT("'C Impact of Optimization'!Q" & 5 + (ROW(D5)-1)*4)*100} -> -57.414065 | I7: small~ | J7: =AVERAGE(D7,H7) -> -28.495148 | N7: > -25 & <= -3 | O7: {=_xlfn.TEXTJOIN(", ", TRUE, IF((D3:D25 > -25) * (D3:D25 <= -3), A3:A25, ""))} -> T9, T31, T33, T44 | R7: > -25 & <= -3 | S7: {=_xlfn.TEXTJOIN(", ", TRUE, IF((H3:H25 > -25) * (H3:H25 <= -3), A3:A25, ""))} -> T8, T9, T31, T33
A8: T11 | B8: {=INDIRECT("'C Impact of Optimization'!M" & 3 + (ROW(A6)-1)*4)} -> 70.4631 | C8: {=INDIRECT("'C Impact of Optimization'!M" & 4 + (ROW(A6)-1)*4)} -> 24.7092 | D8: {=INDIRECT("'C Impact of Optimization'!Q" & 3 + (ROW(A6)-1)*4)*100} -> -64.933135 | E8: small~ | F8: {=INDIRECT("'C Impact of Optimization'!M" & 5 + (ROW(A6)-1)*4)} -> 67.03879 | G8: {=INDIRECT("'C Impact of Optimization'!M" & 6 + (ROW(A6)-1)*4)} -> 17.92464 | H8: {=INDIRECT("'C Impact of Optimization'!Q" & 5 + (ROW(D6)-1)*4)*100} -> -73.262286 | I8: large | J8: =AVERAGE(D8,H8) -> -69.097711 | N8: > -3 & < 3 | O8: {=_xlfn.TEXTJOIN(", ", TRUE, IF((D3:D25 > -3) * (D3:D25 < 3), A3:A25, ""))} -> T7, T10 | R8: > -3 & < 3 | S8: {=_xlfn.TEXTJOIN(", ", TRUE, IF((H3:H25 > -3) * (H3:H25 < 3), A3:A25, ""))}
A9: T12 | B9: {=INDIRECT("'C Impact of Optimization'!M" & 3 + (ROW(A7)-1)*4)} -> 23.52609 | C9: {=INDIRECT("'C Impact of Optimization'!M" & 4 + (ROW(A7)-1)*4)} -> 7.94178 | D9: {=INDIRECT("'C Impact of Optimization'!Q" & 3 + (ROW(A7)-1)*4)*100} -> -66.242669 | E9: large | F9: {=INDIRECT("'C Impact of Optimization'!M" & 5 + (ROW(A7)-1)*4)} -> 18.69942 | G9: {=INDIRECT("'C Impact of Optimization'!M" & 6 + (ROW(A7)-1)*4)} -> 8.54178 | H9: {=INDIRECT("'C Impact of Optimization'!Q" & 5 + (ROW(D7)-1)*4)*100} -> -54.320615 | I9: large | J9: =AVERAGE(D9,H9) -> -60.281642 | N9: >= 3 & < 25 | O9: {=_xlfn.TEXTJOIN(", ", TRUE, IF((D3:D25 >= 3) * (D3:D25 < 25), A3:A25, ""))} | R9: >= 3 & < 25 | S9: {=_xlfn.TEXTJOIN(", ", TRUE, IF((H3:H25 >= 3) * (H3:H25 < 25), A3:A25, ""))} -> T7, T44
A10: T13 | B10: {=INDIRECT("'C Impact of Optimization'!M" & 3 + (ROW(A8)-1)*4)} -> 418.63248 | C10: {=INDIRECT("'C Impact of Optimization'!M" & 4 + (ROW(A8)-1)*4)} -> 294.70452 | D10: {=INDIRECT("'C Impact of Optimization'!Q" & 3 + (ROW(A8)-1)*4)*100} -> -29.603045 | E10: large | F10: {=INDIRECT("'C Impact of Optimization'!M" & 5 + (ROW(A8)-1)*4)} -> 416.4679 | G10: {=INDIRECT("'C Impact of Optimization'!M" & 6 + (ROW(A8)-1)*4)} -> 261.93711 | H10: {=INDIRECT("'C Impact of Optimization'!Q" & 5 + (ROW(D8)-1)*4)*100} -> -37.10509 | I10: large | J10: =AVERAGE(D10,H10) -> -33.354067 | N10: >= 25 & < 75 | O10: {=_xlfn.TEXTJOIN(", ", TRUE, IF((D3:D25 >= 25) * (D3:D25 < 75), A3:A25, ""))} | R10: >= 25 & < 75 | S10: {=_xlfn.TEXTJOIN(", ", TRUE, IF((H3:H25 >= 25) * (H3:H25 < 75), A3:A25, ""))}
A11: T16 | B11: {=INDIRECT("'C Impact of Optimization'!M" & 3 + (ROW(A9)-1)*4)} -> 20.51073 | C11: {=INDIRECT("'C Impact of Optimization'!M" & 4 + (ROW(A9)-1)*4)} -> 8.7533 | D11: {=INDIRECT("'C Impact of Optimization'!Q" & 3 + (ROW(A9)-1)*4)*100} -> -57.323313 | E11: large | F11: {=INDIRECT("'C Impact of Optimization'!M" & 5 + (ROW(A9)-1)*4)} -> 18.56331 | G11: {=INDIRECT("'C Impact of Optimization'!M" & 6 + (ROW(A9)-1)*4)} -> 8.99691 | H11: {=INDIRECT("'C Impact of Optimization'!Q" & 5 + (ROW(D9)-1)*4)*100} -> -51.533913 | I11: large | J11: =AVERAGE(D11,H11) -> -54.428613 | N11: >= 75 | O11: {=_xlfn.TEXTJOIN(", ", TRUE, IF(D3:D25 >= 75, A3:A25, ""))} -> T8 | R11: >= 75 | S11: {=_xlfn.TEXTJOIN(", ", TRUE, IF(H3:H25 >= 75, A3:A25, ""))}
A12: T17 | B12: {=INDIRECT("'C Impact of Optimization'!M" & 3 + (ROW(A10)-1)*4)} -> 18.54558 | C12: {=INDIRECT("'C Impact of Optimization'!M" & 4 + (ROW(A10)-1)*4)} -> 10.66544 | D12: {=INDIRECT("'C Impact of Optimization'!Q" & 3 + (ROW(A10)-1)*4)*100} -> -42.490664 | E12: large | F12: {=INDIRECT("'C Impact of Optimization'!M" & 5 + (ROW(A10)-1)*4)} -> 19.5789 | G12: {=INDIRECT("'C Impact of Optimization'!M" & 6 + (ROW(A10)-1)*4)} -> 9.18 | H12: {=INDIRECT("'C Impact of Optimization'!Q" & 5 + (ROW(D10)-1)*4)*100} -> -53.11279 | I12: large | J12: =AVERAGE(D12,H12) -> -47.801727
A13: T19 | B13: {=INDIRECT("'C Impact of Optimization'!M" & 3 + (ROW(A11)-1)*4)} -> 673.59663 | C13: {=INDIRECT("'C Impact of Optimization'!M" & 4 + (ROW(A11)-1)*4)} -> 46.1423 | D13: {=INDIRECT("'C Impact of Optimization'!Q" & 3 + (ROW(A11)-1)*4)*100} -> -93.149862 | E13: large | F13: {=INDIRECT("'C Impact of Optimization'!M" & 5 + (ROW(A11)-1)*4)} -> 887.26553 | G13: {=INDIRECT("'C Impact of Optimization'!M" & 6 + (ROW(A11)-1)*4)} -> 50.24322 | H13: {=INDIRECT("'C Impact of Optimization'!Q" & 5 + (ROW(D11)-1)*4)*100} -> -94.337296 | I13: large | J13: =AVERAGE(D13,H13) -> -93.743579
A14: T20 | B14: {=INDIRECT("'C Impact of Optimization'!M" & 3 + (ROW(A12)-1)*4)} -> 436.98078 | C14: {=INDIRECT("'C Impact of Optimization'!M" & 4 + (ROW(A12)-1)*4)} -> 26.86602 | D14: {=INDIRECT("'C Impact of Optimization'!Q" & 3 + (ROW(A12)-1)*4)*100} -> -93.851899 | E14: large | F14: {=INDIRECT("'C Impact of Optimization'!M" & 5 + (ROW(A12)-1)*4)} -> 145.371 | G14: {=INDIRECT("'C Impact of Optimization'!M" & 6 + (ROW(A12)-1)*4)} -> 44.18754 | H14: {=INDIRECT("'C Impact of Optimization'!Q" & 5 + (ROW(D12)-1)*4)*100} -> -69.603607 | I14: large | J14: =AVERAGE(D14,H14) -> -81.727753
A15: T25 | B15: {=INDIRECT("'C Impact of Optimization'!M" & 3 + (ROW(A13)-1)*4)} -> 900.2326 | C15: {=INDIRECT("'C Impact of Optimization'!M" & 4 + (ROW(A13)-1)*4)} -> 192.984 | D15: {=INDIRECT("'C Impact of Optimization'!Q" & 3 + (ROW(A13)-1)*4)*100} -> -78.562874 | E15: large | F15: {=INDIRECT("'C Impact of Optimization'!M" & 5 + (ROW(A13)-1)*4)} -> 729.2229 | G15: {=INDIRECT("'C Impact of Optimization'!M" & 6 + (ROW(A13)-1)*4)} -> 145.28371 | H15: {=INDIRECT("'C Impact of Optimization'!Q" & 5 + (ROW(D13)-1)*4)*100} -> -80.076913 | I15: large | J15: =AVERAGE(D15,H15) -> -79.319894
A16: T26 | B16: {=INDIRECT("'C Impact of Optimization'!M" & 3 + (ROW(A14)-1)*4)} -> 946.51452 | C16: {=INDIRECT("'C Impact of Optimization'!M" & 4 + (ROW(A14)-1)*4)} -> 238.577 | D16: {=INDIRECT("'C Impact of Optimization'!Q" & 3 + (ROW(A14)-1)*4)*100} -> -74.794153 | E16: large | F16: {=INDIRECT("'C Impact of Optimization'!M" & 5 + (ROW(A14)-1)*4)} -> 944.87532 | G16: {=INDIRECT("'C Impact of Optimization'!M" & 6 + (ROW(A14)-1)*4)} -> 26.21604 | H16: {=INDIRECT("'C Impact of Optimization'!Q" & 5 + (ROW(D14)-1)*4)*100} -> -97.22545 | I16: large | J16: =AVERAGE(D16,H16) -> -86.009801
A17: T28 | B17: {=INDIRECT("'C Impact of Optimization'!M" & 3 + (ROW(A15)-1)*4)} -> 344.20188 | C17: {=INDIRECT("'C Impact of Optimization'!M" & 4 + (ROW(A15)-1)*4)} -> 35.9373 | D17: {=INDIRECT("'C Impact of Optimization'!Q" & 3 + (ROW(A15)-1)*4)*100} -> -89.559238 | E17: large | F17: {=INDIRECT("'C Impact of Optimization'!M" & 5 + (ROW(A15)-1)*4)} -> 693.75799 | G17: {=INDIRECT("'C Impact of Optimization'!M" & 6 + (ROW(A15)-1)*4)} -> 33.65609 | H17: {=INDIRECT("'C Impact of Optimization'!Q" & 5 + (ROW(D15)-1)*4)*100} -> -95.148728 | I17: large | J17: =AVERAGE(D17,H17) -> -92.353983
A18: T29 | B18: {=INDIRECT("'C Impact of Optimization'!M" & 3 + (ROW(A16)-1)*4)} -> 14.3439 | C18: {=INDIRECT("'C Impact of Optimization'!M" & 4 + (ROW(A16)-1)*4)} -> 6.4452 | D18: {=INDIRECT("'C Impact of Optimization'!Q" & 3 + (ROW(A16)-1)*4)*100} -> -55.066614 | E18: large | F18: {=INDIRECT("'C Impact of Optimization'!M" & 5 + (ROW(A16)-1)*4)} -> 13.90416 | G18: {=INDIRECT("'C Impact of Optimization'!M" & 6 + (ROW(A16)-1)*4)} -> 6.75716 | H18: {=INDIRECT("'C Impact of Optimization'!Q" & 5 + (ROW(D16)-1)*4)*100} -> -51.401883 | I18: large | J18: =AVERAGE(D18,H18) -> -53.234248
A19: T31 | B19: {=INDIRECT("'C Impact of Optimization'!M" & 3 + (ROW(A17)-1)*4)} -> 978.7239 | C19: {=INDIRECT("'C Impact of Optimization'!M" & 4 + (ROW(A17)-1)*4)} -> 756.50404 | D19: {=INDIRECT("'C Impact of Optimization'!Q" & 3 + (ROW(A17)-1)*4)*100} -> -22.705061 | E19: large | F19: {=INDIRECT("'C Impact of Optimization'!M" & 5 + (ROW(A17)-1)*4)} -> 2084.8756 | G19: {=INDIRECT("'C Impact of Optimization'!M" & 6 + (ROW(A17)-1)*4)} -> 1718.9779 | H19: {=INDIRECT("'C Impact of Optimization'!Q" & 5 + (ROW(D17)-1)*4)*100} -> -17.550098 | I19: large | J19: =AVERAGE(D19,H19) -> -20.12758
A20: T32 | B20: {=INDIRECT("'C Impact of Optimization'!M" & 3 + (ROW(A18)-1)*4)} -> 18.96117 | C20: {=INDIRECT("'C Impact of Optimization'!M" & 4 + (ROW(A18)-1)*4)} -> 7.14212 | D20: {=INDIRECT("'C Impact of Optimization'!Q" & 3 + (ROW(A18)-1)*4)*100} -> -62.332915 | E20: large | F20: {=INDIRECT("'C Impact of Optimization'!M" & 5 + (ROW(A18)-1)*4)} -> 15.87252 | G20: {=INDIRECT("'C Impact of Optimization'!M" & 6 + (ROW(A18)-1)*4)} -> 7.61896 | H20: {=INDIRECT("'C Impact of Optimization'!Q" & 5 + (ROW(D18)-1)*4)*100} -> -51.999052 | I20: large | J20: =AVERAGE(D20,H20) -> -57.165984
A21: T33 | B21: {=INDIRECT("'C Impact of Optimization'!M" & 3 + (ROW(A19)-1)*4)} -> 24.97616 | C21: {=INDIRECT("'C Impact of Optimization'!M" & 4 + (ROW(A19)-1)*4)} -> 20.33274 | D21: {=INDIRECT("'C Impact of Optimization'!Q" & 3 + (ROW(A19)-1)*4)*100} -> -18.591409 | E21: large | F21: {=INDIRECT("'C Impact of Optimization'!M" & 5 + (ROW(A19)-1)*4)} -> 25.90278 | G21: {=INDIRECT("'C Impact of Optimization'!M" & 6 + (ROW(A19)-1)*4)} -> 21.54726 | H21: {=INDIRECT("'C Impact of Optimization'!Q" & 5 + (ROW(D19)-1)*4)*100} -> -16.814875 | I21: large | J21: =AVERAGE(D21,H21) -> -17.703142
A22: T36 | B22: {=INDIRECT("'C Impact of Optimization'!M" & 3 + (ROW(A20)-1)*4)} -> 178.74303 | C22: {=INDIRECT("'C Impact of Optimization'!M" & 4 + (ROW(A20)-1)*4)} -> 5.29799 | D22: {=INDIRECT("'C Impact of Optimization'!Q" & 3 + (ROW(A20)-1)*4)*100} -> -97.035974 | E22: large | F22: {=INDIRECT("'C Impact of Optimization'!M" & 5 + (ROW(A20)-1)*4)} -> 171.01735 | G22: {=INDIRECT("'C Impact of Optimization'!M" & 6 + (ROW(A20)-1)*4)} -> 5.83145 | H22: {=INDIRECT("'C Impact of Optimization'!Q" & 5 + (ROW(D20)-1)*4)*100} -> -96.590141 | I22: large | J22: =AVERAGE(D22,H22) -> -96.813058
A23: T40 | B23: {=INDIRECT("'C Impact of Optimization'!M" & 3 + (ROW(A21)-1)*4)} -> 625.08848 | C23: {=INDIRECT("'C Impact of Optimization'!M" & 4 + (ROW(A21)-1)*4)} -> 263.63058 | D23: {=INDIRECT("'C Impact of Optimization'!Q" & 3 + (ROW(A21)-1)*4)*100} -> -57.825078 | E23: large | F23: {=INDIRECT("'C Impact of Optimization'!M" & 5 + (ROW(A21)-1)*4)} -> 542.62944 | G23: {=INDIRECT("'C Impact of Optimization'!M" & 6 + (ROW(A21)-1)*4)} -> 52.13562 | H23: {=INDIRECT("'C Impact of Optimization'!Q" & 5 + (ROW(D21)-1)*4)*100} -> -90.39204 | I23: large | J23: =AVERAGE(D23,H23) -> -74.108559
... A25: T49 | B25: {=INDIRECT("'C Impact of Optimization'!M" & 3 + (ROW(A23)-1)*4)} -> 417.29232 | C25: {=INDIRECT("'C Impact of Optimization'!M" & 4 + (ROW(A23)-1)*4)} -> 7.25401 | D25: {=INDIRECT("'C Impact of Optimization'!Q" & 3 + (ROW(A23)-1)*4)*100} -> -98.261648 | E25: small~ | F25: {=INDIRECT("'C Impact of Optimization'!M" & 5 + (ROW(A23)-1)*4)} -> 175.72839 | G25: {=INDIRECT("'C Impact of Optimization'!M" & 6 + (ROW(A23)-1)*4)} -> 40.78688 | H25: {=INDIRECT("'C Impact of Optimization'!Q" & 5 + (ROW(D23)-1)*4)*100} -> -76.789818 | I25: medium | J25: =AVERAGE(D25,H25) -> -87.525733
D32: Standard | I32: Efficient
D33: Impact | E33: Average | F33: Min | G33: Max | I33: Impact | J33: Average | K33: Min | L33: Max
D34: Reduction | E34: {=AVERAGE(_xlfn._xlws.FILTER($D$3:$D$25, ISNUMBER(MATCH($A$3:$A$25, _xlfn.TEXTSPLIT(_xlfn.TEXTJOIN(", ", TRUE, O5:O7), ", "), 0))))} -> -58.631876 | F34: {=MIN(_xlfn._xlws.FILTER($D$3:$D$25, ISNUMBER(MATCH($A$3:$A$25, _xlfn.TEXTSPLIT(_xlfn.TEXTJOIN(", ", TRUE, O5:O7), ", "), 0))))} -> -98.261648 | G34: {=MAX(_xlfn._xlws.FILTER($D$3:$D$25, ISNUMBER(MATCH($A$3:$A$25, _xlfn.TEXTSPLIT(_xlfn.TEXTJOIN(", ", TRUE, O5:O7), ", "), 0))))} -> -9.7938144 | I34: Reduction | J34: {=AVERAGE(_xlfn._xlws.FILTER($H$3:$H$25, ISNUMBER(MATCH($A$3:$A$25, _xlfn.TEXTSPLIT(_xlfn.TEXTJOIN(", ", TRUE, S5:S7), ", "), 0))))} -> -60.815162 | K34: {=MIN(_xlfn._xlws.FILTER($H$3:$H$25, ISNUMBER(MATCH($A$3:$A$25, _xlfn.TEXTSPLIT(_xlfn.TEXTJOIN(", ", TRUE, S5:S7), ", "), 0))))} -> -97.22545 | L34: {=MAX(_xlfn._xlws.FILTER($H$3:$H$25, ISNUMBER(MATCH($A$3:$A$25, _xlfn.TEXTSPLIT(_xlfn.TEXTJOIN(", ", TRUE, S5:S7), ", "), 0))))} -> -5.9862103
D35: No impact | E35: {=AVERAGE(_xlfn._xlws.FILTER($D$3:$D$25, ISNUMBER(MATCH($A$3:$A$25, _xlfn.TEXTSPLIT(_xlfn.TEXTJOIN(", ", TRUE, O8), ", "), 0))))} -> -0.12496239 | F35: {=MIN(_xlfn._xlws.FILTER($D$3:$D$25, ISNUMBER(MATCH($A$3:$A$25, _xlfn.TEXTSPLIT(_xlfn.TEXTJOIN(", ", TRUE, O8), ", "), 0))))} -> -0.67369242 | G35: {=MAX(_xlfn._xlws.FILTER($D$3:$D$25, ISNUMBER(MATCH($A$3:$A$25, _xlfn.TEXTSPLIT(_xlfn.TEXTJOIN(", ", TRUE, O8), ", "), 0))))} -> 0.42376763 | I35: No impact
D36: Increase | E36: {=AVERAGE(_xlfn._xlws.FILTER($D$3:$D$25, ISNUMBER(MATCH($A$3:$A$25, _xlfn.TEXTSPLIT(_xlfn.TEXTJOIN(", ", TRUE, O9:O11), ", "), 0))))} -> 362.99718 | F36: {=MIN(_xlfn._xlws.FILTER($D$3:$D$25, ISNUMBER(MATCH($A$3:$A$25, _xlfn.TEXTSPLIT(_xlfn.TEXTJOIN(", ", TRUE, O9:O11), ", "), 0))))} -> 362.99718 | G36: {=MAX(_xlfn._xlws.FILTER($D$3:$D$25, ISNUMBER(MATCH($A$3:$A$25, _xlfn.TEXTSPLIT(_xlfn.TEXTJOIN(", ", TRUE, O9:O11), ", "), 0))))} -> 362.99718 | I36: Increase | J36: {=AVERAGE(_xlfn._xlws.FILTER($H$3:$H$25, ISNUMBER(MATCH($A$3:$A$25, _xlfn.TEXTSPLIT(_xlfn.TEXTJOIN(", ", TRUE, S9:S11), ", "), 0))))} -> 11.908512 | K36: {=MIN(_xlfn._xlws.FILTER($H$3:$H$25, ISNUMBER(MATCH($A$3:$A$25, _xlfn.TEXTSPLIT(_xlfn.TEXTJOIN(", ", TRUE, S9:S11), ", "), 0))))} -> 4.0840861 | L36: {=MAX(_xlfn._xlws.FILTER($H$3:$H$25, ISNUMBER(MATCH($A$3:$A$25, _xlfn.TEXTSPLIT(_xlfn.TEXTJOIN(", ", TRUE, S9:S11), ", "), 0))))} -> 19.732938

Sheet Python Impact of Technique
A1: Tecnica | B1: Code REPS | C1: Extrapolate | D1: Optimization | E1: Test | F1: Time (s) | G1: Power | J1: Consumption (with baseline) | M1: Consumption (without baseline) | P1: Consumption (without baseline) Extrapolate | S1: Impact of Technique ((Test2-Test1)/Test1%)
G2: HDD (w) | H2: CPU (w) | I2: DUT (w) | J2: HDD (J) | K2: CPU (J) | L2: DUT (J) | M2: HDD (J) | N2: CPU (J) | O2: DUT (J) | P2: HDD (J) | Q2: CPU (J) | R2: DUT (J) | S2: Time (s) | T2: HDD (J) | U2: CPU (J) | V2: DUT (J)
A3: T4 | B3: 100000000 | C3: =100000000/B3 -> 1 | D3: Interpreter | E3: Test1 | F3: 88.541 | G3: 1.63 | H3: 26.21 | I3: 175.9 | J3: 144.32183 | K3: 2320.6596 | L3: 15574.362 | M3: 107.13461 | N3: 2269.3058 | O3: 5830.4248 | P3: =M3*C3 -> 107.13461 | Q3: =N3*C3 -> 2269.3058 | R3: =O3*C3 -> 5830.4248 | S3: =(F4-F3)/F3 -> -0.47006472 | T3: =(P4-P3)/P3 -> -0.045240562 | U3: =(Q4-Q3)/Q3 -> -0.48288406 | V3: =(R4-R3)/R3 -> -0.50241612
B4: 100000000 | C4: 1 | E4: Test2 | F4: 46.921 | G4: 2.6 | H4: 25.59 | I4: 171.89 | J4: 121.9946 | K4: 1200.7084 | L4: 8065.2507 | M4: 102.28778 | N4: 1173.4942 | O4: 2901.1254 | P4: =M4*C4 -> 102.28778 | Q4: =N4*C4 -> 1173.4942 | R4: =O4*C4 -> 2901.1254
B5: 100000000 | C5: 1 | D5: Nuitka | E5: Test1 | F5: 130.288 | G5: 2.06 | H5: 25.23 | I5: 172.23 | J5: 268.39328 | K5: 3287.1662 | L5: 22439.502 | M5: 213.67232 | N5: 3211.5992 | O5: 8100.005 | P5: =M5*C5 -> 213.67232 | Q5: =N5*C5 -> 3211.5992 | R5: =O5*C5 -> 8100.005 | S5: =(F6-F5)/F5 -> -0.66337652 | T5: =(P6-P5)/P5 -> -0.54843192 | U5: =(Q6-Q5)/Q5 -> -0.67416486 | V5: =(R6-R5)/R5 -> -0.67469296
B6: 100000000 | C6: 1 | E6: Test2 | F6: 43.858 | G6: 2.62 | H6: 24.44 | I6: 170.14 | J6: 114.90796 | K6: 1071.8895 | L6: 7462.0001 | M6: 96.4876 | N6: 1046.4519 | O6: 2634.9886 | P6: =M6*C6 -> 96.4876 | Q6: =N6*C6 -> 1046.4519 | R6: =O6*C6 -> 2634.9886
A7: T7 | B7: 100000000 | C7: 1 | D7: Interpreter | E7: Test1 | F7: 20.123 | G7: 5.76 | H7: 36.47 | I7: 165.68 | J7: 115.90848 | K7: 733.88581 | L7: 3333.9786 | M7: 107.45682 | N7: 698.87179 | O7: 1405.7928 | P7: =M7*C7 -> 107.45682 | Q7: =N7*C7 -> 698.87179 | R7: =O7*C7 -> 1405.7928 | S7: =(F8-F7)/F7 -> -0.29568156 | T7: =(P8-P7)/P7 -> -0.57925546 | U7: =(Q8-Q7)/Q7 -> -0.38389881 | V7: =(R8-R7)/R7 -> -0.32058374
B8: 100000000 | C8: 1 | E8: Test2 | F8: 14.173 | G8: 3.61 | H8: 32.12 | I8: 163.21 | J8: 51.16453 | K8: 455.23676 | L8: 2313.1753 | M8: 45.21187 | N8: 430.57574 | O8: 955.11847 | P8: =M8*C8 -> 45.21187 | Q8: =N8*C8 -> 430.57574 | R8: =O8*C8 -> 955.11847
B9: 100000000 | C9: 1 | D9: Nuitka | E9: Test1 | F9: 19.2 | G9: 3.87 | H9: 31.22 | I9: 161.52 | J9: 74.304 | K9: 599.424 | L9: 3101.184 | M9: 66.24 | N9: 566.016 | O9: 1261.44 | P9: =M9*C9 -> 66.24 | Q9: =N9*C9 -> 566.016 | R9: =O9*C9 -> 1261.44 | S9: =(F10-F9)/F9 -> -0.40328125 | T9: =(P10-P9)/P9 -> -0.44652174 | U9: =(Q10-Q9)/Q9 -> -0.42696378 | V9: =(R10-R9)/R9 -> -0.42716816
B10: 100000000 | C10: 1 | E10: Test2 | F10: 11.457 | G10: 3.62 | H10: 30.05 | I10: 158.89 | J10: 41.47434 | K10: 344.28285 | L10: 1820.4027 | M10: 36.6624 | N10: 324.34767 | O10: 722.59299 | P10: =M10*C10 -> 36.6624 | Q10: =N10*C10 -> 324.34767 | R10: =O10*C10 -> 722.59299
A11: T8 | B11: 100000000 | C11: 1 | D11: Interpreter | E11: Test1 | F11: 24.572 | G11: 5.87 | H11: 32.43 | I11: 156.43 | J11: 144.23764 | K11: 796.86996 | L11: 3843.798 | M11: 102.95668 | N11: 711.11368 | O11: 1393.7238 | P11: =M11*C11 -> 102.95668 | Q11: =N11*C11 -> 711.11368 | R11: =O11*C11 -> 1393.7238 | S11: =(F12-F11)/F11 -> -0.71129741 | T11: =(P12-P11)/P11 -> -0.71405352 | U11: =(Q12-Q11)/Q11 -> -0.71578657 | V11: =(R12-R11)/R11 -> -0.70722544
B12: 100000000 | C12: 1 | E12: Test2 | F12: 7.094 | G12: 5.83 | H12: 31.98 | I12: 157.23 | J12: 41.35802 | K12: 226.86612 | L12: 1115.3896 | M12: 29.4401 | N12: 202.10806 | O12: 408.04688 | P12: =M12*C12 -> 29.4401 | Q12: =N12*C12 -> 202.10806 | R12: =O12*C12 -> 408.04688
B13: 100000000 | C13: 1 | D13: Nuitka | E13: Test1 | F13: 18.325 | G13: 5.85 | H13: 31.82 | I13: 155.79 | J13: 107.20125 | K13: 583.1015 | L13: 2854.8517 | M13: 76.41525 | N13: 519.14725 | O13: 1027.666 | P13: =M13*C13 -> 76.41525 | Q13: =N13*C13 -> 519.14725 | R13: =O13*C13 -> 1027.666 | S13: =(F14-F13)/F13 -> -0.57746248 | T13: =(P14-P13)/P13 -> -0.58252888 | U13: =(Q14-Q13)/Q13 -> -0.55688 | V13: =(R14-R13)/R13 -> -0.5354197
B14: 100000000 | C14: 1 | E14: Test2 | F14: 7.743 | G14: 5.8 | H14: 33.2 | I14: 161.37 | J14: 44.9094 | K14: 257.0676 | L14: 1249.4879 | M14: 31.90116 | N14: 230.04453 | O14: 477.43338 | P14: =M14*C14 -> 31.90116 | Q14: =N14*C14 -> 230.04453 | R14: =O14*C14 -> 477.43338
A15: T9 | B15: 100000000 | C15: 1 | D15: Interpreter | E15: Test1 | F15: 5.617 | G15: 5.61 | H15: 32.37 | I15: 158.01 | J15: 31.51137 | K15: 181.82229 | L15: 887.54217 | M15: 24.93948 | N15: 165.47682 | O15: 348.36634 | P15: =M15*C15 -> 24.93948 | Q15: =N15*C15 -> 165.47682 | R15: =O15*C15 -> 348.36634 | S15: =(F16-F15)/F15 -> -0.22485312 | T15: =(P16-P15)/P15 -> -0.16549503 | U15: =(Q16-Q15)/Q15 -> -0.26616272 | V15: =(R16-R15)/R15 -> -0.23922621
B16: 100000000 | C16: 1 | E16: Test2 | F16: 4.354 | G16: 5.95 | H16: 30.8 | I16: 156.86 | J16: 25.9063 | K16: 134.1032 | L16: 682.96844 | M16: 20.81212 | N16: 121.43306 | O16: 265.02798 | P16: =M16*C16 -> 20.81212 | Q16: =N16*C16 -> 121.43306 | R16: =O16*C16 -> 265.02798
B17: 100000000 | C17: 1 | D17: Nuitka | E17: Test1 | F17: 2.616 | G17: 5.76 | H17: 29.78 | I17: 156.38 | J17: 15.06816 | K17: 77.90448 | L17: 409.09008 | M17: 12.00744 | N17: 70.29192 | O17: 157.98024 | P17: =M17*C17 -> 12.00744 | Q17: =N17*C17 -> 70.29192 | R17: =O17*C17 -> 157.98024 | S17: =(F18-F17)/F17 -> -0.19686544 | T17: =(P18-P17)/P17 -> -0.18636695 | U17: =(Q18-Q17)/Q17 -> -0.23990652 | V17: =(R18-R17)/R17 -> -0.1914128
B18: 100000000 | C18: 1 | E18: Test2 | F18: 2.101 | G18: 5.82 | H18: 28.34 | I18: 156.79 | J18: 12.22782 | K18: 59.54234 | L18: 329.41579 | M18: 9.76965 | N18: 53.42843 | O18: 127.7408 | P18: =M18*C18 -> 9.76965 | Q18: =N18*C18 -> 53.42843 | R18: =O18*C18 -> 127.7408
A19: T10 | B19: 100000000 | C19: 1 | D19: Interpreter | E19: Test1 | F19: 23.135 | G19: 3.54 | H19: 33.31 | I19: 165.39 | J19: 81.8979 | K19: 770.62685 | L19: 3826.2976 | M19: 72.1812 | N19: 730.37195 | O19: 1596.315 | P19: =M19*C19 -> 72.1812 | Q19: =N19*C19 -> 730.37195 | R19: =O19*C19 -> 1596.315 | S19: =(F20-F19)/F19 -> -0.51082775 | T19: =(P20-P19)/P19 -> -0.50298845 | U19: =(Q20-Q19)/Q19 -> -0.53670414 | V19: =(R20-R19)/R19 -> -0.54492802
B20: 100000000 | C20: 1 | E20: Test2 | F20: 11.317 | G20: 3.59 | H20: 31.64 | I20: 160.58 | J20: 40.62803 | K20: 358.06988 | L20: 1817.2839 | M20: 35.87489 | N20: 338.3783 | O20: 726.43823 | P20: =M20*C20 -> 35.87489 | Q20: =N20*C20 -> 338.3783 | R20: =O20*C20 -> 726.43823
B21: 100000000 | C21: 1 | D21: Nuitka | E21: Test1 | F21: 12.807 | G21: 3.54 | H21: 32.14 | I21: 162.07 | J21: 45.33678 | K21: 411.61698 | L21: 2075.6305 | M21: 39.95784 | N21: 389.3328 | O21: 841.16376 | P21: =M21*C21 -> 39.95784 | Q21: =N21*C21 -> 389.3328 | R21: =O21*C21 -> 841.16376 | S21: =(F22-F21)/F21 -> -0.63207621 | T21: =(P22-P21)/P21 -> -0.61320832 | U21: =(Q22-Q21)/Q21 -> -0.69041149 | V21: =(R22-R21)/R21 -> -0.68831791
B22: 100000000 | C22: 1 | E22: Test2 | F22: 4.712 | G22: 3.7 | H22: 27.32 | I22: 152.03 | J22: 17.4344 | K22: 128.73184 | L22: 716.36536 | M22: 15.45536 | N22: 120.53296 | O22: 262.17568 | P22: =M22*C22 -> 15.45536 | Q22: =N22*C22 -> 120.53296 | R22: =O22*C22 -> 262.17568
A23: T11 | B23: 100000000 | C23: 1 | D23: Interpreter | E23: Test1 | F23: 42.316 | G23: 8.26 | H23: 37.7 | I23: 163.63 | J23: 349.53016 | K23: 1595.3132 | L23: 6924.1671 | M23: 218.77372 | N23: 1349.4572 | O23: 2697.645 | P23: =M23*C23 -> 218.77372 | Q23: =N23*C23 -> 1349.4572 | R23: =O23*C23 -> 2697.645 | S23: =(F24-F23)/F23 -> -0.33084413 | T23: =(P24-P23)/P23 -> -0.36190745 | U23: =(Q24-Q23)/Q23 -> -0.34112592 | V23: =(R24-R23)/R23 -> -0.32034756
B24: 100000000 | C24: 1 | E24: Test2 | F24: 28.316 | G24: 8.02 | H24: 37.21 | I24: 164.63 | J24: 227.09432 | K24: 1053.6384 | L24: 4661.6631 | M24: 139.59788 | N24: 889.1224 | O24: 1833.461 | P24: =M24*C24 -> 139.59788 | Q24: =N24*C24 -> 889.1224 | R24: =O24*C24 -> 1833.461
B25: 100000000 | C25: 1 | D25: Nuitka | E25: Test1 | F25: 27.997 | G25: 8.13 | H25: 36.2 | I25: 157.68 | J25: 227.61561 | K25: 1013.4914 | L25: 4414.567 | M25: 141.10488 | N25: 850.82883 | O25: 1618.2266 | P25: =M25*C25 -> 141.10488 | Q25: =N25*C25 -> 850.82883 | R25: =O25*C25 -> 1618.2266 | S25: =(F26-F25)/F25 -> -0.091188342 | T25: =(P26-P25)/P25 -> -0.14528427 | U25: =(Q26-Q25)/Q25 -> -0.096272184 | V25: =(R26-R25)/R25 -> 0.071234226
B26: 100000000 | C26: 1 | E26: Test2 | F26: 25.444 | G26: 7.83 | H26: 36.03 | I26: 168.01 | J26: 199.22652 | K26: 916.74732 | L26: 4274.8464 | M26: 120.60456 | N26: 768.91768 | O26: 1733.4997 | P26: =M26*C26 -> 120.60456 | Q26: =N26*C26 -> 768.91768 | R26: =O26*C26 -> 1733.4997
A27: T12 | B27: 100000000 | C27: 1 | D27: Interpreter | E27: Test1 | F27: 9.58 | G27: 9.41 | H27: 36.26 | I27: 156.64 | J27: 90.1478 | K27: 347.3708 | L27: 1500.6112 | M27: 39.757 | N27: 258.2768 | O27: 549.2214 | P27: =M27*C27 -> 39.757 | Q27: =N27*C27 -> 258.2768 | R27: =O27*C27 -> 549.2214 | S27: =(F28-F27)/F27 -> -0.19906054 | T27: =(P28-P27)/P27 -> -0.17590085 | U27: =(Q28-Q27)/Q27 -> -0.21302351 | V27: =(R28-R27)/R27 -> -0.19626641
B28: 100000000 | C28: 1 | E28: Test2 | F28: 7.673 | G28: 9.53 | H28: 35.79 | I28: 156.84 | J28: 73.12369 | K28: 274.61667 | L28: 1203.4333 | M28: 32.76371 | N28: 203.25777 | O28: 441.42769 | P28: =M28*C28 -> 32.76371 | Q28: =N28*C28 -> 203.25777 | R28: =O28*C28 -> 441.42769
B29: 100000000 | C29: 1 | D29: Nuitka | E29: Test1 | F29: 5.112 | G29: 9.68 | H29: 35.37 | I29: 156.13 | J29: 49.48416 | K29: 180.81144 | L29: 798.13656 | M29: 22.59504 | N29: 133.26984 | O29: 290.41272 | P29: =M29*C29 -> 22.59504 | Q29: =N29*C29 -> 133.26984 | R29: =O29*C29 -> 290.41272 | S29: =(F30-F29)/F29 -> -0.16040689 | T29: =(P30-P29)/P29 -> -0.19839752 | U29: =(Q30-Q29)/Q29 -> -0.19615481 | V29: =(R30-R29)/R29 -> -0.14237655
B30: 100000000 | C30: 1 | E30: Test2 | F30: 4.292 | G30: 9.48 | H30: 34.26 | I30: 157.34 | J30: 40.68816 | K30: 147.04392 | L30: 675.30328 | M30: 18.11224 | N30: 107.12832 | O30: 249.06476 | P30: =M30*C30 -> 18.11224 | Q30: =N30*C30 -> 107.12832 | R30: =O30*C30 -> 249.06476
A31: T13 | B31: 100000000 | C31: 1 | D31: Interpreter | E31: Test1 | F31: 252.87 | G31: 4.88 | H31: 32.86 | I31: 155.62 | J31: 1234.0056 | K31: 8309.3082 | L31: 39351.629 | M31: 872.4015 | N31: 7426.7919 | O31: 14345.315 | P31: =M31*C31 -> 872.4015 | Q31: =N31*C31 -> 7426.7919 | R31: =O31*C31 -> 14345.315 | S31: =(F32-F31)/F31 -> -0.09990509 | T31: =(P32-P31)/P31 -> -0.10251406 | U31: =(Q32-Q31)/Q31 -> -0.085501119 | V31: =(R32-R31)/R31 -> -0.066109881
B32: 100000000 | C32: 1 | E32: Test2 | F32: 227.607 | G32: 4.87 | H32: 33.33 | I32: 157.75 | J32: 1108.4461 | K32: 7586.1413 | L32: 35905.004 | M32: 782.96808 | N32: 6791.7929 | O32: 13396.948 | P32: =M32*C32 -> 782.96808 | Q32: =N32*C32 -> 6791.7929 | R32: =O32*C32 -> 13396.948
B33: 100000000 | C33: 1 | D33: Nuitka | E33: Test1 | F33: 227.753 | G33: 4.89 | H33: 33.3 | I33: 156.56 | J33: 1113.7122 | K33: 7584.1749 | L33: 35657.01 | M33: 788.02538 | N33: 6789.3169 | O33: 13134.516 | P33: =M33*C33 -> 788.02538 | Q33: =N33*C33 -> 6789.3169 | R33: =O33*C33 -> 13134.516 | S33: =(F34-F33)/F33 -> -0.0028803133 | T33: =(P34-P33)/P33 -> -0.0057621621 | U33: =(Q34-Q33)/Q33 -> -0.00053887159 | V33: =(R34-R33)/R33 -> 0.0036899222
B34: 100000000 | C34: 1 | E34: Test2 | F34: 227.097 | G34: 4.88 | H34: 33.37 | I34: 156.94 | J34: 1108.2334 | K34: 7578.2269 | L34: 35640.603 | M34: 783.48465 | N34: 6785.6584 | O34: 13182.981 | P34: =M34*C34 -> 783.48465 | Q34: =N34*C34 -> 6785.6584 | R34: =O34*C34 -> 13182.981
A35: T16 | B35: 100000000 | C35: 1 | D35: Interpreter | E35: Test1 | F35: 8.235 | G35: 6.83 | H35: 33.17 | I35: 160.97 | J35: 56.24505 | K35: 273.15495 | L35: 1325.5879 | M35: 33.51645 | N35: 234.8622 | O35: 494.34705 | P35: =M35*C35 -> 33.51645 | Q35: =N35*C35 -> 234.8622 | R35: =O35*C35 -> 494.34705 | S35: =(F36-F35)/F35 -> -0.08184578 | T35: =(P36-P35)/P35 -> -0.08184578 | U35: =(Q36-Q35)/Q35 -> -0.10727852 | V35: =(R36-R35)/R35 -> -0.12145963
B36: 100000000 | C36: 1 | E36: Test2 | F36: 7.561 | G36: 6.83 | H36: 32.38 | I36: 158.39 | J36: 51.64163 | K36: 244.82518 | L36: 1197.5868 | M36: 30.77327 | N36: 209.66653 | O36: 434.30384 | P36: =M36*C36 -> 30.77327 | Q36: =N36*C36 -> 209.66653 | R36: =O36*C36 -> 434.30384
B37: 100000000 | C37: 1 | D37: Nuitka | E37: Test1 | F37: 4.327 | G37: 6.86 | H37: 31.59 | I37: 159.78 | J37: 29.68322 | K37: 136.68993 | L37: 691.36806 | M37: 17.7407 | N37: 116.56938 | O37: 254.60068 | P37: =M37*C37 -> 17.7407 | Q37: =N37*C37 -> 116.56938 | R37: =O37*C37 -> 254.60068 | S37: =(F38-F37)/F37 -> -0.024497342 | T37: =(P38-P37)/P37 -> -0.010221694 | U37: =(Q38-Q37)/Q37 -> -0.032825687 | V37: =(R38-R37)/R37 -> -0.054339368
B38: 100000000 | C38: 1 | E38: Test2 | F38: 4.221 | G38: 6.92 | H38: 31.36 | I38: 157.98 | J38: 29.20932 | K38: 132.37056 | L38: 666.83358 | M38: 17.55936 | N38: 112.74291 | O38: 240.76584 | P38: =M38*C38 -> 17.55936 | Q38: =N38*C38 -> 112.74291 | R38: =O38*C38 -> 240.76584
A39: T17 | B39: 100000000 | C39: 1 | D39: Interpreter | E39: Test1 | F39: 7.677 | G39: 9.08 | H39: 35.44 | I39: 159.31 | J39: 69.70716 | K39: 272.07288 | L39: 1223.0229 | M39: 33.16464 | N39: 209.65887 | O39: 439.66179 | P39: =M39*C39 -> 33.16464 | Q39: =N39*C39 -> 209.65887 | R39: =O39*C39 -> 439.66179 | S39: =(F40-F39)/F39 -> 0.066953237 | T39: =(P40-P39)/P39 -> 0.02743645 | U39: =(Q40-Q39)/Q39 -> 0.09000349 | V39: =(R40-R39)/R39 -> 0.062854586
B40: 100000000 | C40: 1 | E40: Test2 | F40: 8.191 | G40: 8.92 | H40: 36.03 | I40: 159.09 | J40: 73.06372 | K40: 295.12173 | L40: 1303.1062 | M40: 34.07456 | N40: 228.5289 | O40: 467.29655 | P40: =M40*C40 -> 34.07456 | Q40: =N40*C40 -> 228.5289 | R40: =O40*C40 -> 467.29655
B41: 100000000 | C41: 1 | D41: Nuitka | E41: Test1 | F41: 4.204 | G41: 9.08 | H41: 34.35 | I41: 158.27 | J41: 38.17232 | K41: 144.4074 | L41: 665.36708 | M41: 18.16128 | N41: 110.22888 | O41: 236.39092 | P41: =M41*C41 -> 18.16128 | Q41: =N41*C41 -> 110.22888 | R41: =O41*C41 -> 236.39092 | S41: =(F42-F41)/F41 -> 0.20004757 | T41: =(P42-P41)/P41 -> 0.13615615 | U41: =(Q42-Q41)/Q41 -> 0.22338946 | V41: =(R42-R41)/R41 -> 0.22266985
B42: 100000000 | C42: 1 | E42: Test2 | F42: 5.045 | G42: 8.85 | H42: 34.86 | I42: 159.33 | J42: 44.64825 | K42: 175.8687 | L42: 803.81985 | M42: 20.63405 | N42: 134.85285 | O42: 289.02805 | P42: =M42*C42 -> 20.63405 | Q42: =N42*C42 -> 134.85285 | R42: =O42*C42 -> 289.02805
A43: T19 | B43: 100000000 | C43: 1 | D43: Interpreter | E43: Test1 | F43: 130.407 | G43: 2.8 | H43: 22.39 | I43: 171.05 | J43: 365.1396 | K43: 2919.8127 | L43: 22306.117 | M43: 310.36866 | N43: 2844.1767 | O43: 8087.8421 | P43: =M43*C43 -> 310.36866 | Q43: =N43*C43 -> 2844.1767 | R43: =O43*C43 -> 8087.8421 | S43: =(F44-F43)/F43 -> 0.0084964764 | T43: =(P44-P43)/P43 -> 0.025445997 | U43: =(Q44-Q43)/Q43 -> 0.0010980612 | V43: =(R44-R43)/R43 -> -0.0097156496
B44: 100000000 | C44: 1 | E44: Test2 | F44: 131.515 | G44: 2.84 | H44: 22.23 | I44: 169.93 | J44: 373.5026 | K44: 2923.5784 | L44: 22348.344 | M44: 318.2663 | N44: 2847.2997 | O44: 8009.2635 | P44: =M44*C44 -> 318.2663 | Q44: =N44*C44 -> 2847.2997 | R44: =O44*C44 -> 8009.2635
B45: 100000000 | C45: 1 | D45: Nuitka | E45: Test1 | F45: 125.69 | G45: 2.81 | H45: 22.97 | I45: 171.9 | J45: 353.1889 | K45: 2887.0993 | L45: 21606.111 | M45: 300.3991 | N45: 2814.1991 | O45: 7902.1303 | P45: =M45*C45 -> 300.3991 | Q45: =N45*C45 -> 2814.1991 | R45: =O45*C45 -> 7902.1303 | S45: =(F46-F45)/F45 -> -0.010040576 | T45: =(P46-P45)/P45 -> 0.023096141 | U45: =(Q46-Q45)/Q45 -> -0.041432769 | V45: =(R46-R45)/R45 -> -0.032557547
B46: 100000000 | C46: 1 | E46: Test2 | F46: 124.428 | G46: 2.89 | H46: 22.26 | I46: 170.47 | J46: 359.59692 | K46: 2769.7673 | L46: 21211.241 | M46: 307.33716 | N46: 2697.599 | O46: 7644.8563 | P46: =M46*C46 -> 307.33716 | Q46: =N46*C46 -> 2697.599 | R46: =O46*C46 -> 7644.8563
A47: T20 | B47: 100000000 | C47: 1 | D47: Interpreter | E47: Test1 | F47: 66.995 | G47: 11.87 | H47: 42.17 | I47: 149.92 | J47: 795.23065 | K47: 2825.1792 | L47: 10043.89 | M47: 481.69405 | N47: 2240.9828 | O47: 4211.3057 | P47: =M47*C47 -> 481.69405 | Q47: =N47*C47 -> 2240.9828 | R47: =O47*C47 -> 4211.3057 | S47: =(F48-F47)/F47 -> -0.087409508 | T47: =(P48-P47)/P47 -> -0.20544972 | U47: =(Q48-Q47)/Q47 -> -0.1130548 | V47: =(R48-R47)/R47 -> -0.11092838
B48: 100000000 | C48: 1 | E48: Test2 | F48: 61.139 | G48: 10.94 | H48: 41.23 | I48: 148.3 | J48: 668.86066 | K48: 2520.761 | L48: 9066.9137 | M48: 382.73014 | N48: 1987.6289 | O48: 3744.1524 | P48: =M48*C48 -> 382.73014 | Q48: =N48*C48 -> 1987.6289 | R48: =O48*C48 -> 3744.1524
B49: 100000000 | C49: 1 | D49: Nuitka | E49: Test1 | F49: 64.636 | G49: 9.64 | H49: 39.83 | I49: 147.32 | J49: 623.09104 | K49: 2574.4519 | L49: 9522.1755 | M49: 320.59456 | N49: 2010.826 | O49: 3894.9654 | P49: =M49*C49 -> 320.59456 | Q49: =N49*C49 -> 2010.826 | R49: =O49*C49 -> 3894.9654 | S49: =(F50-F49)/F49 -> 0.032566991 | T49: =(P50-P49)/P49 -> 0.55717764 | U49: =(Q50-Q49)/Q49 -> 0.11687172 | V49: =(R50-R49)/R49 -> 0.14034738
B50: 100000000 | C50: 1 | E50: Test2 | F50: 66.741 | G50: 12.16 | H50: 42.37 | I50: 153.61 | J50: 811.57056 | K50: 2827.8162 | L50: 10252.085 | M50: 499.22268 | N50: 2245.8346 | O50: 4441.6136 | P50: =M50*C50 -> 499.22268 | Q50: =N50*C50 -> 2245.8346 | R50: =O50*C50 -> 4441.6136
A51: T25 | B51: 100000000 | C51: 1 | D51: Interpreter | E51: Test1 | F51: 174.384 | G51: 5.81 | H51: 33.69 | I51: 143.78 | J51: 1013.171 | K51: 5874.997 | L51: 25072.932 | M51: 763.80192 | N51: 5165.2541 | O51: 10830.99 | P51: =M51*C51 -> 763.80192 | Q51: =N51*C51 -> 5165.2541 | R51: =O51*C51 -> 10830.99 | S51: =(F52-F51)/F51 -> -0.036236123 | T51: =(P52-P51)/P51 -> 0.63267762 | U51: =(Q52-Q51)/Q51 -> 0.080899258 | V51: =(R52-R51)/R51 -> -0.098614657
B52: 100000000 | C52: 1 | E52: Test2 | F52: 168.065 | G52: 8.85 | H52: 37.29 | I52: 139.76 | J52: 1487.3752 | K52: 6267.1438 | L52: 23488.764 | M52: 1247.0423 | N52: 5583.1193 | O52: 9762.8959 | P52: =M52*C52 -> 1247.0423 | Q52: =N52*C52 -> 5583.1193 | R52: =O52*C52 -> 9762.8959
B53: 100000000 | C53: 1 | D53: Nuitka | E53: Test1 | F53: 156.679 | G53: 6.59 | H53: 35.03 | I53: 142.17 | J53: 1032.5146 | K53: 5488.4654 | L53: 22275.053 | M53: 808.46364 | N53: 4850.7818 | O53: 9479.0795 | P53: =M53*C53 -> 808.46364 | Q53: =N53*C53 -> 4850.7818 | R53: =O53*C53 -> 9479.0795 | S53: =(F54-F53)/F53 -> -0.087420778 | T53: =(P54-P53)/P53 -> 0.60939359 | U53: =(Q54-Q53)/Q53 -> 0.039326337 | V53: =(R54-R53)/R53 -> -0.1317676
B54: 100000000 | C54: 1 | E54: Test2 | F54: 142.982 | G54: 10.53 | H54: 39.33 | I54: 139.23 | J54: 1505.6005 | K54: 5623.4821 | L54: 19907.384 | M54: 1301.1362 | N54: 5041.5453 | O54: 8230.0439 | P54: =M54*C54 -> 1301.1362 | Q54: =N54*C54 -> 5041.5453 | R54: =O54*C54 -> 8230.0439
A55: T26 | B55: 100000000 | C55: 1 | D55: Interpreter | E55: Test1 | F55: 173.376 | G55: 3.72 | H55: 30.18 | I55: 171.31 | J55: 644.95872 | K55: 5232.4877 | L55: 29701.043 | M55: 572.1408 | N55: 5131.9296 | O55: 11806.906 | P55: =M55*C55 -> 572.1408 | Q55: =N55*C55 -> 5131.9296 | R55: =O55*C55 -> 11806.906 | S55: =(F56-F55)/F55 -> -0.26469638 | T55: =(P56-P55)/P55 -> -0.42066988 | U55: =(Q56-Q55)/Q55 -> -0.2520273 | V55: =(R56-R55)/R55 -> -0.28197224
B56: 100000000 | C56: 1 | E56: Test2 | F56: 127.484 | G56: 3.02 | H56: 30.69 | I56: 169.71 | J56: 385.00168 | K56: 3912.484 | L56: 21635.31 | M56: 331.4584 | N56: 3838.5432 | O56: 8477.686 | P56: =M56*C56 -> 331.4584 | Q56: =N56*C56 -> 3838.5432 | R56: =O56*C56 -> 8477.686
B57: 100000000 | C57: 1 | D57: Nuitka | E57: Test1 | F57: 154.688 | G57: 3.14 | H57: 30.64 | I57: 170.13 | J57: 485.72032 | K57: 4739.6403 | L57: 26317.069 | M57: 420.75136 | N57: 4649.9213 | O57: 10351.721 | P57: =M57*C57 -> 420.75136 | Q57: =N57*C57 -> 4649.9213 | R57: =O57*C57 -> 10351.721 | S57: =(F58-F57)/F57 -> -0.16387826 | T57: =(P58-P57)/P57 -> -0.2653195 | U57: =(Q58-Q57)/Q57 -> -0.18724294 | V57: =(R58-R57)/R57 -> -0.1640032
B58: 100000000 | C58: 1 | E58: Test2 | F58: 129.338 | G58: 2.81 | H58: 29.8 | I58: 170.12 | J58: 363.43978 | K58: 3854.2724 | L58: 22002.981 | M58: 309.11782 | N58: 3779.2564 | O58: 8654.0056 | P58: =M58*C58 -> 309.11782 | Q58: =N58*C58 -> 3779.2564 | R58: =O58*C58 -> 8654.0056
A59: T28 | B59: 100000000 | C59: 1 | D59: Interpreter | E59: Test1 | F59: 198.58 | G59: 2.8 | H59: 24.36 | I59: 168.52 | J59: 556.024 | K59: 4837.4088 | L59: 33464.702 | M59: 472.6204 | N59: 4722.2324 | O59: 12319.903 | P59: =M59*C59 -> 472.6204 | Q59: =N59*C59 -> 4722.2324 | R59: =O59*C59 -> 12319.903 | S59: =(F60-F59)/F59 -> 0.1949995 | T59: =(P60-P59)/P59 -> 0.39583975 | U59: =(Q60-Q59)/Q59 -> 0.15630523 | V59: =(R60-R59)/R59 -> 0.22620355
B60: 100000000 | C60: 1 | E60: Test2 | F60: 237.303 | G60: 3.2 | H60: 23.59 | I60: 170.14 | J60: 759.3696 | K60: 5597.9778 | L60: 40374.732 | M60: 659.70234 | N60: 5460.342 | O60: 15106.709 | P60: =M60*C60 -> 659.70234 | Q60: =N60*C60 -> 5460.342 | R60: =O60*C60 -> 15106.709
B61: 100000000 | C61: 1 | D61: Nuitka | E61: Test1 | F61: 187.437 | G61: 2.88 | H61: 24.51 | I61: 171.24 | J61: 539.81856 | K61: 4594.0809 | L61: 32096.712 | M61: 461.09502 | N61: 4485.3674 | O61: 12138.42 | P61: =M61*C61 -> 461.09502 | Q61: =N61*C61 -> 4485.3674 | R61: =O61*C61 -> 12138.42 | S61: =(F62-F61)/F61 -> 0.19599119 | T61: =(P62-P61)/P61 -> 0.63841069 | U61: =(Q62-Q61)/Q61 -> 0.1085284 | V61: =(R62-R61)/R61 -> 0.17087463
B62: 100000000 | C62: 1 | E62: Test2 | F62: 224.173 | G62: 3.79 | H62: 22.76 | I62: 169.88 | J62: 849.61567 | K62: 5102.1775 | L62: 38082.509 | M62: 755.46301 | N62: 4972.1571 | O62: 14212.568 | P62: =M62*C62 -> 755.46301 | Q62: =N62*C62 -> 4972.1571 | R62: =O62*C62 -> 14212.568
A63: T29 | B63: 100000000 | C63: 1 | D63: Interpreter | E63: Test1 | F63: 5.321 | G63: 9.81 | H63: 36.23 | I63: 158.25 | J63: 52.19901 | K63: 192.77983 | L63: 842.04825 | M63: 22.45462 | N63: 143.29453 | O63: 317.71691 | P63: =M63*C63 -> 22.45462 | Q63: =N63*C63 -> 143.29453 | R63: =O63*C63 -> 317.71691 | S63: =(F64-F63)/F63 -> 0.0078932531 | T63: =(P64-P63)/P63 -> -0.023155591 | U63: =(Q64-Q63)/Q63 -> -0.013814065 | V63: =(R64-R63)/R63 -> 0.011944407
B64: 100000000 | C64: 1 | E64: Test2 | F64: 5.363 | G64: 9.68 | H64: 35.65 | I64: 158.48 | J64: 51.91384 | K64: 191.19095 | L64: 849.92824 | M64: 21.93467 | N64: 141.31505 | O64: 321.51185 | P64: =M64*C64 -> 21.93467 | Q64: =N64*C64 -> 141.31505 | R64: =O64*C64 -> 321.51185
B65: 100000000 | C65: 1 | D65: Nuitka | E65: Test1 | F65: 3.053 | G65: 9.84 | H65: 33.64 | I65: 155.42 | J65: 30.04152 | K65: 102.70292 | L65: 474.49726 | M65: 12.97525 | N65: 74.31002 | O65: 173.68517 | P65: =M65*C65 -> 12.97525 | Q65: =N65*C65 -> 74.31002 | R65: =O65*C65 -> 173.68517 | S65: =(F66-F65)/F65 -> 0.19914838 | T65: =(P66-P65)/P65 -> 0.14553939 | U65: =(Q66-Q65)/Q65 -> 0.23314231 | V65: =(R66-R65)/R65 -> 0.24636392
B66: 100000000 | C66: 1 | E66: Test2 | F66: 3.661 | G66: 9.65 | H66: 34.33 | I66: 157.66 | J66: 35.32865 | K66: 125.68213 | L66: 577.19326 | M66: 14.86366 | N66: 91.63483 | O66: 216.47493 | P66: =M66*C66 -> 14.86366 | Q66: =N66*C66 -> 91.63483 | R66: =O66*C66 -> 216.47493
A67: T31 | B67: 100000000 | C67: 1 | D67: Interpreter | E67: Test1 | F67: 152.624 | G67: 3.76 | H67: 22.19 | I67: 171.38 | J67: 573.86624 | K67: 3386.7266 | L67: 26156.701 | M67: 509.76416 | N67: 3298.2046 | O67: 10367.748 | P67: =M67*C67 -> 509.76416 | Q67: =N67*C67 -> 3298.2046 | R67: =O67*C67 -> 10367.748 | S67: =(F68-F67)/F67 -> 1.0827 | T67: =(P68-P67)/P67 -> 1.1512919 | U67: =(Q68-Q67)/Q67 -> 1.1424535 | V67: =(R68-R67)/R67 -> 1.0814736
B68: 100000000 | C68: 1 | E68: Test2 | F68: 317.87 | G68: 3.87 | H68: 22.81 | I68: 171.34 | J68: 1230.1569 | K68: 7250.6147 | L68: 54463.846 | M68: 1096.6515 | N68: 7066.2501 | O68: 21580.194 | P68: =M68*C68 -> 1096.6515 | Q68: =N68*C68 -> 7066.2501 | R68: =O68*C68 -> 21580.194
B69: 100000000 | C69: 1 | D69: Nuitka | E69: Test1 | F69: 382.637 | G69: 3.85 | H69: 23.75 | I69: 175.21 | J69: 1473.1525 | K69: 9087.6287 | L69: 67041.829 | M69: 1312.4449 | N69: 8865.6993 | O69: 27458.031 | P69: =M69*C69 -> 1312.4449 | Q69: =N69*C69 -> 8865.6993 | R69: =O69*C69 -> 27458.031 | S69: =(F70-F69)/F69 -> 0.072251246 | T69: =(P70-P69)/P69 -> -0.0090272741 | U69: =(Q70-Q69)/Q69 -> 0.083357862 | V69: =(R70-R69)/R69 -> 0.063136513
B70: 100000000 | C70: 1 | E70: Test2 | F70: 410.283 | G70: 3.59 | H70: 23.99 | I70: 174.59 | J70: 1472.916 | K70: 9842.6892 | L70: 71631.309 | M70: 1300.5971 | N70: 9604.725 | O70: 29191.635 | P70: =M70*C70 -> 1300.5971 | Q70: =N70*C70 -> 9604.725 | R70: =O70*C70 -> 29191.635
A71: T32 | B71: 100000000 | C71: 1 | D71: Interpreter | E71: Test1 | F71: 9.509 | G71: 9.01 | H71: 35.82 | I71: 158.31 | J71: 85.67609 | K71: 340.61238 | L71: 1505.3698 | M71: 49.06644 | N71: 268.81943 | O71: 559.1292 | P71: =M71*C71 -> 49.06644 | Q71: =N71*C71 -> 268.81943 | R71: =O71*C71 -> 559.1292 | S71: =(F72-F71)/F71 -> -0.097591755 | T71: =(P72-P71)/P71 -> -0.22001148 | U71: =(Q72-Q71)/Q71 -> -0.14483492 | V71: =(R72-R71)/R71 -> -0.10879512
B72: 100000000 | C72: 1 | E72: Test2 | F72: 8.581 | G72: 8.31 | H72: 34.34 | I72: 157.59 | J72: 71.30811 | K72: 294.67154 | L72: 1352.2798 | M72: 38.27126 | N72: 229.88499 | O72: 498.29867 | P72: =M72*C72 -> 38.27126 | Q72: =N72*C72 -> 229.88499 | R72: =O72*C72 -> 498.29867
B73: 100000000 | C73: 1 | D73: Nuitka | E73: Test1 | F73: 4.222 | G73: 8.41 | H73: 33.21 | I73: 156.86 | J73: 35.50702 | K73: 140.21262 | L73: 662.26292 | M73: 19.25232 | N73: 108.33652 | O73: 242.1317 | P73: =M73*C73 -> 19.25232 | Q73: =N73*C73 -> 108.33652 | R73: =O73*C73 -> 242.1317 | S73: =(F74-F73)/F73 -> 0.2074846 | T73: =(P74-P73)/P73 -> 0.1730607 | U73: =(Q74-Q73)/Q73 -> 0.24983597 | V73: =(R74-R73)/R73 -> 0.25506813
B74: 100000000 | C74: 1 | E74: Test2 | F74: 5.098 | G74: 8.28 | H74: 34.11 | I74: 159.12 | J74: 42.21144 | K74: 173.89278 | L74: 811.19376 | M74: 22.58414 | N74: 135.40288 | O74: 303.89178 | P74: =M74*C74 -> 22.58414 | Q74: =N74*C74 -> 135.40288 | R74: =O74*C74 -> 303.89178
A75: T33 | B75: 100000000 | C75: 1 | D75: Interpreter | E75: Test1 | F75: 9.928 | G75: 9.44 | H75: 38.31 | I75: 161.43 | J75: 93.72032 | K75: 380.34168 | L75: 1602.677 | M75: 44.77528 | N75: 299.62704 | O75: 609.18208 | P75: =M75*C75 -> 44.77528 | Q75: =N75*C75 -> 299.62704 | R75: =O75*C75 -> 609.18208 | S75: =(F76-F75)/F75 -> -0.039987913 | T75: =(P76-P75)/P75 -> -0.016572984 | U75: =(Q76-Q75)/Q75 -> -0.053029827 | V75: =(R76-R75)/R75 -> -0.016832472
B76: 100000000 | C76: 1 | E76: Test2 | F76: 9.531 | G76: 9.55 | H76: 37.9 | I76: 162.91 | J76: 91.02105 | K76: 361.2249 | L76: 1552.6952 | M76: 44.03322 | N76: 283.73787 | O76: 598.92804 | P76: =M76*C76 -> 44.03322 | Q76: =N76*C76 -> 283.73787 | R76: =O76*C76 -> 598.92804
B77: 100000000 | C77: 1 | D77: Nuitka | E77: Test1 | F77: 5.725 | G77: 9.77 | H77: 36.27 | I77: 159.43 | J77: 55.93325 | K77: 207.64575 | L77: 912.73675 | M77: 27.709 | N77: 161.1015 | O77: 339.836 | P77: =M77*C77 -> 27.709 | Q77: =N77*C77 -> 161.1015 | R77: =O77*C77 -> 339.836 | S77: =(F78-F77)/F77 -> -0.036157205 | T77: =(P78-P77)/P77 -> -0.091916706 | U77: =(Q78-Q77)/Q77 -> -0.03786979 | V77: =(R78-R77)/R77 -> -0.036644323
B78: 100000000 | C78: 1 | E78: Test2 | F78: 5.518 | G78: 9.49 | H78: 36.22 | I78: 159.41 | J78: 52.36582 | K78: 199.86196 | L78: 879.62438 | M78: 25.16208 | N78: 155.00062 | O78: 327.38294 | P78: =M78*C78 -> 25.16208 | Q78: =N78*C78 -> 155.00062 | R78: =O78*C78 -> 327.38294
A79: T36 | B79: 100000000 | C79: 1 | D79: Interpreter | E79: Test1 | F79: 72.716 | G79: 7.98 | H79: 36.91 | I79: 162.15 | J79: 580.27368 | K79: 2683.9476 | L79: 11790.899 | M79: 318.49608 | N79: 2177.117 | O79: 4559.2932 | P79: =M79*C79 -> 318.49608 | Q79: =N79*C79 -> 2177.117 | R79: =O79*C79 -> 4559.2932 | S79: =(F80-F79)/F79 -> -0.13767259 | T79: =(P80-P79)/P79 -> -0.12979745 | U79: =(Q80-Q79)/Q79 -> -0.14573711 | V79: =(R80-R79)/R79 -> -0.1534888
B80: 100000000 | C80: 1 | E80: Test2 | F80: 62.705 | G80: 8.02 | H80: 36.63 | I80: 161 | J80: 502.8941 | K80: 2296.8842 | L80: 10095.505 | M80: 277.1561 | N80: 1859.8303 | O80: 3859.4927 | P80: =M80*C80 -> 277.1561 | Q80: =N80*C80 -> 1859.8303 | R80: =O80*C80 -> 3859.4927
B81: 100000000 | C81: 1 | D81: Nuitka | E81: Test1 | F81: 49.709 | G81: 8.03 | H81: 35.58 | I81: 159.9 | J81: 399.16327 | K81: 1768.6462 | L81: 7948.4691 | M81: 220.21087 | N81: 1422.1745 | O81: 3004.9091 | P81: =M81*C81 -> 220.21087 | Q81: =N81*C81 -> 1422.1745 | R81: =O81*C81 -> 3004.9091 | S81: =(F82-F81)/F81 -> -0.0032388501 | T81: =(P82-P81)/P81 -> -0.021239051 | U81: =(Q82-Q81)/Q81 -> -0.011948752 | V81: =(R82-R81)/R81 -> -0.02137677
B82: 100000000 | C82: 1 | E82: Test2 | F82: 49.548 | G82: 7.95 | H82: 35.33 | I82: 158.8 | J82: 393.9066 | K82: 1750.5308 | L82: 7868.2224 | M82: 215.5338 | N82: 1405.1813 | O82: 2940.6738 | P82: =M82*C82 -> 215.5338 | Q82: =N82*C82 -> 1405.1813 | R82: =O82*C82 -> 2940.6738
A83: T40 | B83: 100000000 | C83: 1 | D83: Interpreter | E83: Test1 | F83: 201.618 | G83: 6.73 | H83: 35.16 | I83: 156.56 | J83: 1356.8891 | K83: 7088.8889 | L83: 31565.314 | M83: 1054.4621 | N83: 6385.2421 | O83: 12280.552 | P83: =M83*C83 -> 1054.4621 | Q83: =N83*C83 -> 6385.2421 | R83: =O83*C83 -> 12280.552 | S83: =(F84-F83)/F83 -> -0.3434862 | T83: =(P84-P83)/P83 -> -0.4162927 | U83: =(Q84-Q83)/Q83 -> -0.37686123 | V83: =(R84-R83)/R83 -> -0.35275564
B84: 100000000 | C84: 1 | E84: Test2 | F84: 132.365 | G84: 6.15 | H84: 33.55 | I84: 155.7 | J84: 814.04475 | K84: 4440.8457 | L84: 20609.231 | M84: 615.49725 | N84: 3978.8919 | O84: 7948.5183 | P84: =M84*C84 -> 615.49725 | Q84: =N84*C84 -> 3978.8919 | R84: =O84*C84 -> 7948.5183
B85: 100000000 | C85: 1 | D85: Nuitka | E85: Test1 | F85: 154.76 | G85: 6.54 | H85: 34.49 | I85: 155.5 | J85: 1012.1304 | K85: 5337.6724 | L85: 24065.18 | M85: 779.9904 | N85: 4796.0124 | O85: 9262.386 | P85: =M85*C85 -> 779.9904 | Q85: =N85*C85 -> 4796.0124 | R85: =O85*C85 -> 9262.386 | S85: =(F86-F85)/F85 -> -0.029930215 | T85: =(P86-P85)/P85 -> -0.23972705 | U85: =(Q86-Q85)/Q85 -> -0.076884222 | V85: =(R86-R85)/R85 -> -0.015504782
B86: 100000000 | C86: 1 | E86: Test2 | F86: 150.128 | G86: 5.45 | H86: 32.98 | I86: 156.39 | J86: 818.1976 | K86: 4951.2214 | L86: 23478.518 | M86: 593.0056 | N86: 4427.2747 | O86: 9118.7747 | P86: =M86*C86 -> 593.0056 | Q86: =N86*C86 -> 4427.2747 | R86: =O86*C86 -> 9118.7747
A87: T44 | B87: 100000000 | C87: 1 | D87: Interpreter | E87: Test1 | F87: 6.003 | G87: 7.22 | H87: 33.15 | I87: 158.03 | J87: 43.34166 | K87: 198.99945 | L87: 948.65409 | M87: 22.2111 | N87: 167.60376 | O87: 351.29556 | P87: =M87*C87 -> 22.2111 | Q87: =N87*C87 -> 167.60376 | R87: =O87*C87 -> 351.29556 | S87: =(F88-F87)/F87 -> 0.012993503 | T87: =(P88-P87)/P87 -> 0.13619542 | U87: =(Q88-Q87)/Q87 -> 0.035125525 | V87: =(R88-R87)/R87 -> 0.041901554
B88: 100000000 | C88: 1 | E88: Test2 | F88: 6.081 | G88: 7.67 | H88: 33.76 | I88: 159.71 | J88: 46.64127 | K88: 205.29456 | L88: 971.19651 | M88: 25.23615 | N88: 173.49093 | O88: 366.01539 | P88: =M88*C88 -> 25.23615 | Q88: =N88*C88 -> 173.49093 | R88: =O88*C88 -> 366.01539
B89: 100000000 | C89: 1 | D89: Nuitka | E89: Test1 | F89: 2.599 | G89: 7.27 | H89: 29.5 | I89: 154.75 | J89: 18.89473 | K89: 76.6705 | L89: 402.19525 | M89: 9.74625 | N89: 63.07773 | O89: 143.54277 | P89: =M89*C89 -> 9.74625 | Q89: =N89*C89 -> 63.07773 | R89: =O89*C89 -> 143.54277 | S89: =(F90-F89)/F89 -> -0.0092343209 | T89: =(P90-P89)/P89 -> 0.1440041 | U89: =(Q90-Q89)/Q89 -> 0.024240251 | V89: =(R90-R89)/R89 -> -0.021073998
B90: 100000000 | C90: 1 | E90: Test2 | F90: 2.575 | G90: 7.85 | H90: 30.32 | I90: 154.09 | J90: 20.21375 | K90: 78.074 | L90: 396.78175 | M90: 11.14975 | N90: 64.60675 | O90: 140.51775 | P90: =M90*C90 -> 11.14975 | Q90: =N90*C90 -> 64.60675 | R90: =O90*C90 -> 140.51775
A91: T49 | B91: 100000000 | C91: 1 | D91: Interpreter | E91: Test1 | F91: 91.29 | G91: 6.73 | H91: 35.53 | I91: 166.11 | J91: 614.3817 | K91: 3243.5337 | L91: 15164.182 | M91: 415.3695 | N91: 2766.9999 | O91: 5814.2601 | P91: =M91*C91 -> 415.3695 | Q91: =N91*C91 -> 2766.9999 | R91: =O91*C91 -> 5814.2601 | S91: =(F92-F91)/F91 -> -0.40429401 | T91: =(P92-P91)/P91 -> -0.26027717 | U91: =(Q92-Q91)/Q91 -> -0.36596914 | V91: =(R92-R91)/R91 -> -0.37595378
B92: 100000000 | C92: 1 | E92: Test2 | F92: 54.382 | G92: 7.83 | H92: 37.49 | I92: 169.15 | J92: 425.81106 | K92: 2038.7812 | L92: 9198.7153 | M92: 307.2583 | N92: 1754.3633 | O92: 3628.367 | P92: =M92*C92 -> 307.2583 | Q92: =N92*C92 -> 1754.3633 | R92: =O92*C92 -> 3628.367
B93: 100000000 | C93: 1 | D93: Nuitka | E93: Test1 | F93: 78.071 | G93: 6.8 | H93: 36.63 | I93: 169.65 | J93: 530.8828 | K93: 2859.7407 | L93: 13244.745 | M93: 360.68802 | N93: 2451.4294 | O93: 5248.7133 | P93: =M93*C93 -> 360.68802 | Q93: =N93*C93 -> 2451.4294 | R93: =O93*C93 -> 5248.7133 | S93: =(F94-F93)/F93 -> -0.33947304 | T93: =(P94-P93)/P93 -> -0.19793155 | U93: =(Q94-Q93)/Q93 -> -0.29172157 | V93: =(R94-R93)/R93 -> -0.32768318
B94: 100000000 | C94: 1 | E94: Test2 | F94: 51.568 | G94: 7.79 | H94: 38.89 | I94: 170.86 | J94: 401.71472 | K94: 2005.4795 | L94: 8810.9085 | M94: 289.29648 | N94: 1736.2946 | O94: 3528.7982 | P94: =M94*C94 -> 289.29648 | Q94: =N94*C94 -> 1736.2946 | R94: =O94*C94 -> 3528.7982

Sheet Python Technique results
B1: Interpreter | F1: Nuitka
A2: Technique | B2: Standard (J) | C2: Efficient (J) | D2: Impact (%) | E2: Effect size | F2: Standard (J) | G2: Efficient (J) | H2: Impact (%) | I2: Effect size | J2: Average impact (%)
A3: T4 | B3: {=INDIRECT("'Python Impact of Technique'!R" & 3 + (ROW(A1)-1)*4)} -> 5830.4248 | C3: {=INDIRECT("'Python Impact of Technique'!R" & 4 + (ROW(A1)-1)*4)} -> 2901.1254 | D3: {=INDIRECT("'Python Impact of Technique'!V" & 3 + (ROW(A1)-1)*4)*100} -> -50.241612 | E3: large | F3: {=INDIRECT("'Python Impact of Technique'!R" & 5 + (ROW(A1)-1)*4)} -> 8100.005 | G3: {=INDIRECT("'Python Impact of Technique'!R" & 6 + (ROW(A1)-1)*4)} -> 2634.9886 | H3: {=INDIRECT("'Python Impact of Technique'!V" & 5 + (ROW(D1)-1)*4)*100} -> -67.469296 | I3: large | J3: =AVERAGE(D3,H3) -> -58.855454 | N3: Interpreter | R3: Nuitka
A4: T7 | B4: {=INDIRECT("'Python Impact of Technique'!R" & 3 + (ROW(A2)-1)*4)} -> 1405.7928 | C4: {=INDIRECT("'Python Impact of Technique'!R" & 4 + (ROW(A2)-1)*4)} -> 955.11847 | D4: {=INDIRECT("'Python Impact of Technique'!V" & 3 + (ROW(A2)-1)*4)*100} -> -32.058374 | E4: large | F4: {=INDIRECT("'Python Impact of Technique'!R" & 5 + (ROW(A2)-1)*4)} -> 1261.44 | G4: {=INDIRECT("'Python Impact of Technique'!R" & 6 + (ROW(A2)-1)*4)} -> 722.59299 | H4: {=INDIRECT("'Python Impact of Technique'!V" & 5 + (ROW(D2)-1)*4)*100} -> -42.716816 | I4: medium | J4: =AVERAGE(D4,H4) -> -37.387595 | N4: Impact | O4: Techniques | R4: Impact | S4: Techniques
A5: T8 | B5: {=INDIRECT("'Python Impact of Technique'!R" & 3 + (ROW(A3)-1)*4)} -> 1393.7238 | C5: {=INDIRECT("'Python Impact of Technique'!R" & 4 + (ROW(A3)-1)*4)} -> 408.04688 | D5: {=INDIRECT("'Python Impact of Technique'!V" & 3 + (ROW(A3)-1)*4)*100} -> -70.722544 | E5: large | F5: {=INDIRECT("'Python Impact of Technique'!R" & 5 + (ROW(A3)-1)*4)} -> 1027.666 | G5: {=INDIRECT("'Python Impact of Technique'!R" & 6 + (ROW(A3)-1)*4)} -> 477.43338 | H5: {=INDIRECT("'Python Impact of Technique'!V" & 5 + (ROW(D3)-1)*4)*100} -> -53.54197 | I5: large | J5: =AVERAGE(D5,H5) -> -62.132257 | N5: <= -75 | O5: {=_xlfn.TEXTJOIN(", ", TRUE, IF(D3:D25 <= -75, A3:A25, ""))} | R5: <= -75 | S5: {=_xlfn.TEXTJOIN(", ", TRUE, IF(H3:H25 <= -75, A3:A25, ""))}
A6: T9 | B6: {=INDIRECT("'Python Impact of Technique'!R" & 3 + (ROW(A4)-1)*4)} -> 348.36634 | C6: {=INDIRECT("'Python Impact of Technique'!R" & 4 + (ROW(A4)-1)*4)} -> 265.02798 | D6: {=INDIRECT("'Python Impact of Technique'!V" & 3 + (ROW(A4)-1)*4)*100} -> -23.922621 | E6: large | F6: {=INDIRECT("'Python Impact of Technique'!R" & 5 + (ROW(A4)-1)*4)} -> 157.98024 | G6: {=INDIRECT("'Python Impact of Technique'!R" & 6 + (ROW(A4)-1)*4)} -> 127.7408 | H6: {=INDIRECT("'Python Impact of Technique'!V" & 5 + (ROW(D4)-1)*4)*100} -> -19.14128 | I6: large | J6: =AVERAGE(D6,H6) -> -21.531951 | N6: > -75 & <= -25 | O6: {=_xlfn.TEXTJOIN(", ", TRUE, IF((D3:D25 > -75) * (D3:D25 <= -25), A3:A25, ""))} -> T4, T7, T8, T10, T11, T26, T40, T49 | R6: > -75 & <= -25 | S6: {=_xlfn.TEXTJOIN(", ", TRUE, IF((H3:H25 > -75) * (H3:H25 <= -25), A3:A25, ""))} -> T4, T7, T8, T10, T49
A7: T10 | B7: {=INDIRECT("'Python Impact of Technique'!R" & 3 + (ROW(A5)-1)*4)} -> 1596.315 | C7: {=INDIRECT("'Python Impact of Technique'!R" & 4 + (ROW(A5)-1)*4)} -> 726.43823 | D7: {=INDIRECT("'Python Impact of Technique'!V" & 3 + (ROW(A5)-1)*4)*100} -> -54.492802 | E7: large | F7: {=INDIRECT("'Python Impact of Technique'!R" & 5 + (ROW(A5)-1)*4)} -> 841.16376 | G7: {=INDIRECT("'Python Impact of Technique'!R" & 6 + (ROW(A5)-1)*4)} -> 262.17568 | H7: {=INDIRECT("'Python Impact of Technique'!V" & 5 + (ROW(D5)-1)*4)*100} -> -68.831791 | I7: large | J7: =AVERAGE(D7,H7) -> -61.662296 | N7: > -25 & <= -3 | O7: {=_xlfn.TEXTJOIN(", ", TRUE, IF((D3:D25 > -25) * (D3:D25 <= -3), A3:A25, ""))} -> T9, T12, T13, T16, T20, T25, T32, T36 | R7: > -25 & <= -3 | S7: {=_xlfn.TEXTJOIN(", ", TRUE, IF((H3:H25 > -25) * (H3:H25 <= -3), A3:A25, ""))} -> T9, T12, T16, T19, T25, T26, T33
A8: T11 | B8: {=INDIRECT("'Python Impact of Technique'!R" & 3 + (ROW(A6)-1)*4)} -> 2697.645 | C8: {=INDIRECT("'Python Impact of Technique'!R" & 4 + (ROW(A6)-1)*4)} -> 1833.461 | D8: {=INDIRECT("'Python Impact of Technique'!V" & 3 + (ROW(A6)-1)*4)*100} -> -32.034756 | E8: large | F8: {=INDIRECT("'Python Impact of Technique'!R" & 5 + (ROW(A6)-1)*4)} -> 1618.2266 | G8: {=INDIRECT("'Python Impact of Technique'!R" & 6 + (ROW(A6)-1)*4)} -> 1733.4997 | H8: {=INDIRECT("'Python Impact of Technique'!V" & 5 + (ROW(D6)-1)*4)*100} -> 7.1234226 | I8: large | J8: =AVERAGE(D8,H8) -> -12.455667 | N8: > -3 & < 3 | O8: {=_xlfn.TEXTJOIN(", ", TRUE, IF((D3:D25 > -3) * (D3:D25 < 3), A3:A25, ""))} -> T19, T29, T33 | R8: > -3 & < 3 | S8: {=_xlfn.TEXTJOIN(", ", TRUE, IF((H3:H25 > -3) * (H3:H25 < 3), A3:A25, ""))} -> T13, T36, T40, T44
A9: T12 | B9: {=INDIRECT("'Python Impact of Technique'!R" & 3 + (ROW(A7)-1)*4)} -> 549.2214 | C9: {=INDIRECT("'Python Impact of Technique'!R" & 4 + (ROW(A7)-1)*4)} -> 441.42769 | D9: {=INDIRECT("'Python Impact of Technique'!V" & 3 + (ROW(A7)-1)*4)*100} -> -19.626641 | E9: large | F9: {=INDIRECT("'Python Impact of Technique'!R" & 5 + (ROW(A7)-1)*4)} -> 290.41272 | G9: {=INDIRECT("'Python Impact of Technique'!R" & 6 + (ROW(A7)-1)*4)} -> 249.06476 | H9: {=INDIRECT("'Python Impact of Technique'!V" & 5 + (ROW(D7)-1)*4)*100} -> -14.237655 | I9: large | J9: =AVERAGE(D9,H9) -> -16.932148 | N9: >= 3 & < 25 | O9: {=_xlfn.TEXTJOIN(", ", TRUE, IF((D3:D25 >= 3) * (D3:D25 < 25), A3:A25, ""))} -> T17, T28, T44 | R9: >= 3 & < 25 | S9: {=_xlfn.TEXTJOIN(", ", TRUE, IF((H3:H25 >= 3) * (H3:H25 < 25), A3:A25, ""))} -> T11, T17, T20, T28, T29, T31
A10: T13 | B10: {=INDIRECT("'Python Impact of Technique'!R" & 3 + (ROW(A8)-1)*4)} -> 14345.315 | C10: {=INDIRECT("'Python Impact of Technique'!R" & 4 + (ROW(A8)-1)*4)} -> 13396.948 | D10: {=INDIRECT("'Python Impact of Technique'!V" & 3 + (ROW(A8)-1)*4)*100} -> -6.6109881 | E10: large | F10: {=INDIRECT("'Python Impact of Technique'!R" & 5 + (ROW(A8)-1)*4)} -> 13134.516 | G10: {=INDIRECT("'Python Impact of Technique'!R" & 6 + (ROW(A8)-1)*4)} -> 13182.981 | H10: {=INDIRECT("'Python Impact of Technique'!V" & 5 + (ROW(D8)-1)*4)*100} -> 0.36899222 | I10: large | J10: =AVERAGE(D10,H10) -> -3.120998 | N10: >= 25 & < 75 | O10: {=_xlfn.TEXTJOIN(", ", TRUE, IF((D3:D25 >= 25) * (D3:D25 < 75), A3:A25, ""))} | R10: >= 25 & < 75 | S10: {=_xlfn.TEXTJOIN(", ", TRUE, IF((H3:H25 >= 25) * (H3:H25 < 75), A3:A25, ""))} -> T32
A11: T16 | B11: {=INDIRECT("'Python Impact of Technique'!R" & 3 + (ROW(A9)-1)*4)} -> 494.34705 | C11: {=INDIRECT("'Python Impact of Technique'!R" & 4 + (ROW(A9)-1)*4)} -> 434.30384 | D11: {=INDIRECT("'Python Impact of Technique'!V" & 3 + (ROW(A9)-1)*4)*100} -> -12.145963 | E11: large | F11: {=INDIRECT("'Python Impact of Technique'!R" & 5 + (ROW(A9)-1)*4)} -> 254.60068 | G11: {=INDIRECT("'Python Impact of Technique'!R" & 6 + (ROW(A9)-1)*4)} -> 240.76584 | H11: {=INDIRECT("'Python Impact of Technique'!V" & 5 + (ROW(D9)-1)*4)*100} -> -5.4339368 | I11: large | J11: =AVERAGE(D11,H11) -> -8.7899499 | N11: >= 75 | O11: {=_xlfn.TEXTJOIN(", ", TRUE, IF(D3:D25 >= 75, A3:A25, ""))} -> T31 | R11: >= 75 | S11: {=_xlfn.TEXTJOIN(", ", TRUE, IF(H3:H25 >= 75, A3:A25, ""))}
A12: T17 | B12: {=INDIRECT("'Python Impact of Technique'!R" & 3 + (ROW(A10)-1)*4)} -> 439.66179 | C12: {=INDIRECT("'Python Impact of Technique'!R" & 4 + (ROW(A10)-1)*4)} -> 467.29655 | D12: {=INDIRECT("'Python Impact of Technique'!V" & 3 + (ROW(A10)-1)*4)*100} -> 6.2854586 | E12: large | F12: {=INDIRECT("'Python Impact of Technique'!R" & 5 + (ROW(A10)-1)*4)} -> 236.39092 | G12: {=INDIRECT("'Python Impact of Technique'!R" & 6 + (ROW(A10)-1)*4)} -> 289.02805 | H12: {=INDIRECT("'Python Impact of Technique'!V" & 5 + (ROW(D10)-1)*4)*100} -> 22.266985 | I12: large | J12: =AVERAGE(D12,H12) -> 14.276222
A13: T19 | B13: {=INDIRECT("'Python Impact of Technique'!R" & 3 + (ROW(A11)-1)*4)} -> 8087.8421 | C13: {=INDIRECT("'Python Impact of Technique'!R" & 4 + (ROW(A11)-1)*4)} -> 8009.2635 | D13: {=INDIRECT("'Python Impact of Technique'!V" & 3 + (ROW(A11)-1)*4)*100} -> -0.97156496 | E13: large | F13: {=INDIRECT("'Python Impact of Technique'!R" & 5 + (ROW(A11)-1)*4)} -> 7902.1303 | G13: {=INDIRECT("'Python Impact of Technique'!R" & 6 + (ROW(A11)-1)*4)} -> 7644.8563 | H13: {=INDIRECT("'Python Impact of Technique'!V" & 5 + (ROW(D11)-1)*4)*100} -> -3.2557547 | I13: large | J13: =AVERAGE(D13,H13) -> -2.1136598
A14: T20 | B14: {=INDIRECT("'Python Impact of Technique'!R" & 3 + (ROW(A12)-1)*4)} -> 4211.3057 | C14: {=INDIRECT("'Python Impact of Technique'!R" & 4 + (ROW(A12)-1)*4)} -> 3744.1524 | D14: {=INDIRECT("'Python Impact of Technique'!V" & 3 + (ROW(A12)-1)*4)*100} -> -11.092838 | E14: small~ | F14: {=INDIRECT("'Python Impact of Technique'!R" & 5 + (ROW(A12)-1)*4)} -> 3894.9654 | G14: {=INDIRECT("'Python Impact of Technique'!R" & 6 + (ROW(A12)-1)*4)} -> 4441.6136 | H14: {=INDIRECT("'Python Impact of Technique'!V" & 5 + (ROW(D12)-1)*4)*100} -> 14.034738 | I14: large | J14: =AVERAGE(D14,H14) -> 1.4709498
A15: T25 | B15: {=INDIRECT("'Python Impact of Technique'!R" & 3 + (ROW(A13)-1)*4)} -> 10830.99 | C15: {=INDIRECT("'Python Impact of Technique'!R" & 4 + (ROW(A13)-1)*4)} -> 9762.8959 | D15: {=INDIRECT("'Python Impact of Technique'!V" & 3 + (ROW(A13)-1)*4)*100} -> -9.8614657 | E15: large | F15: {=INDIRECT("'Python Impact of Technique'!R" & 5 + (ROW(A13)-1)*4)} -> 9479.0795 | G15: {=INDIRECT("'Python Impact of Technique'!R" & 6 + (ROW(A13)-1)*4)} -> 8230.0439 | H15: {=INDIRECT("'Python Impact of Technique'!V" & 5 + (ROW(D13)-1)*4)*100} -> -13.17676 | I15: large | J15: =AVERAGE(D15,H15) -> -11.519113
A16: T26 | B16: {=INDIRECT("'Python Impact of Technique'!R" & 3 + (ROW(A14)-1)*4)} -> 11806.906 | C16: {=INDIRECT("'Python Impact of Technique'!R" & 4 + (ROW(A14)-1)*4)} -> 8477.686 | D16: {=INDIRECT("'Python Impact of Technique'!V" & 3 + (ROW(A14)-1)*4)*100} -> -28.197224 | E16: large | F16: {=INDIRECT("'Python Impact of Technique'!R" & 5 + (ROW(A14)-1)*4)} -> 10351.721 | G16: {=INDIRECT("'Python Impact of Technique'!R" & 6 + (ROW(A14)-1)*4)} -> 8654.0056 | H16: {=INDIRECT("'Python Impact of Technique'!V" & 5 + (ROW(D14)-1)*4)*100} -> -16.40032 | I16: large | J16: =AVERAGE(D16,H16) -> -22.298772
A17: T28 | B17: {=INDIRECT("'Python Impact of Technique'!R" & 3 + (ROW(A15)-1)*4)} -> 12319.903 | C17: {=INDIRECT("'Python Impact of Technique'!R" & 4 + (ROW(A15)-1)*4)} -> 15106.709 | D17: {=INDIRECT("'Python Impact of Technique'!V" & 3 + (ROW(A15)-1)*4)*100} -> 22.620355 | E17: large | F17: {=INDIRECT("'Python Impact of Technique'!R" & 5 + (ROW(A15)-1)*4)} -> 12138.42 | G17: {=INDIRECT("'Python Impact of Technique'!R" & 6 + (ROW(A15)-1)*4)} -> 14212.568 | H17: {=INDIRECT("'Python Impact of Technique'!V" & 5 + (ROW(D15)-1)*4)*100} -> 17.087463 | I17: large | J17: =AVERAGE(D17,H17) -> 19.853909
A18: T29 | B18: {=INDIRECT("'Python Impact of Technique'!R" & 3 + (ROW(A16)-1)*4)} -> 317.71691 | C18: {=INDIRECT("'Python Impact of Technique'!R" & 4 + (ROW(A16)-1)*4)} -> 321.51185 | D18: {=INDIRECT("'Python Impact of Technique'!V" & 3 + (ROW(A16)-1)*4)*100} -> 1.1944407 | E18: large | F18: {=INDIRECT("'Python Impact of Technique'!R" & 5 + (ROW(A16)-1)*4)} -> 173.68517 | G18: {=INDIRECT("'Python Impact of Technique'!R" & 6 + (ROW(A16)-1)*4)} -> 216.47493 | H18: {=INDIRECT("'Python Impact of Technique'!V" & 5 + (ROW(D16)-1)*4)*100} -> 24.636392 | I18: large | J18: =AVERAGE(D18,H18) -> 12.915417
A19: T31 | B19: {=INDIRECT("'Python Impact of Technique'!R" & 3 + (ROW(A17)-1)*4)} -> 10367.748 | C19: {=INDIRECT("'Python Impact of Technique'!R" & 4 + (ROW(A17)-1)*4)} -> 21580.194 | D19: {=INDIRECT("'Python Impact of Technique'!V" & 3 + (ROW(A17)-1)*4)*100} -> 108.14736 | E19: small~ | F19: {=INDIRECT("'Python Impact of Technique'!R" & 5 + (ROW(A17)-1)*4)} -> 27458.031 | G19: {=INDIRECT("'Python Impact of Technique'!R" & 6 + (ROW(A17)-1)*4)} -> 29191.635 | H19: {=INDIRECT("'Python Impact of Technique'!V" & 5 + (ROW(D17)-1)*4)*100} -> 6.3136513 | I19: large | J19: =AVERAGE(D19,H19) -> 57.230505
A20: T32 | B20: {=INDIRECT("'Python Impact of Technique'!R" & 3 + (ROW(A18)-1)*4)} -> 559.1292 | C20: {=INDIRECT("'Python Impact of Technique'!R" & 4 + (ROW(A18)-1)*4)} -> 498.29867 | D20: {=INDIRECT("'Python Impact of Technique'!V" & 3 + (ROW(A18)-1)*4)*100} -> -10.879512 | E20: large | F20: {=INDIRECT("'Python Impact of Technique'!R" & 5 + (ROW(A18)-1)*4)} -> 242.1317 | G20: {=INDIRECT("'Python Impact of Technique'!R" & 6 + (ROW(A18)-1)*4)} -> 303.89178 | H20: {=INDIRECT("'Python Impact of Technique'!V" & 5 + (ROW(D18)-1)*4)*100} -> 25.506813 | I20: medium | J20: =AVERAGE(D20,H20) -> 7.3136504
A21: T33 | B21: {=INDIRECT("'Python Impact of Technique'!R" & 3 + (ROW(A19)-1)*4)} -> 609.18208 | C21: {=INDIRECT("'Python Impact of Technique'!R" & 4 + (ROW(A19)-1)*4)} -> 598.92804 | D21: {=INDIRECT("'Python Impact of Technique'!V" & 3 + (ROW(A19)-1)*4)*100} -> -1.6832472 | E21: large | F21: {=INDIRECT("'Python Impact of Technique'!R" & 5 + (ROW(A19)-1)*4)} -> 339.836 | G21: {=INDIRECT("'Python Impact of Technique'!R" & 6 + (ROW(A19)-1)*4)} -> 327.38294 | H21: {=INDIRECT("'Python Impact of Technique'!V" & 5 + (ROW(D19)-1)*4)*100} -> -3.6644323 | I21: large | J21: =AVERAGE(D21,H21) -> -2.6738397
A22: T36 | B22: {=INDIRECT("'Python Impact of Technique'!R" & 3 + (ROW(A20)-1)*4)} -> 4559.2932 | C22: {=INDIRECT("'Python Impact of Technique'!R" & 4 + (ROW(A20)-1)*4)} -> 3859.4927 | D22: {=INDIRECT("'Python Impact of Technique'!V" & 3 + (ROW(A20)-1)*4)*100} -> -15.34888 | E22: small | F22: {=INDIRECT("'Python Impact of Technique'!R" & 5 + (ROW(A20)-1)*4)} -> 3004.9091 | G22: {=INDIRECT("'Python Impact of Technique'!R" & 6 + (ROW(A20)-1)*4)} -> 2940.6738 | H22: {=INDIRECT("'Python Impact of Technique'!V" & 5 + (ROW(D20)-1)*4)*100} -> -2.137677 | I22: medium | J22: =AVERAGE(D22,H22) -> -8.7432786
A23: T40 | B23: {=INDIRECT("'Python Impact of Technique'!R" & 3 + (ROW(A21)-1)*4)} -> 12280.552 | C23: {=INDIRECT("'Python Impact of Technique'!R" & 4 + (ROW(A21)-1)*4)} -> 7948.5183 | D23: {=INDIRECT("'Python Impact of Technique'!V" & 3 + (ROW(A21)-1)*4)*100} -> -35.275564 | E23: large | F23: {=INDIRECT("'Python Impact of Technique'!R" & 5 + (ROW(A21)-1)*4)} -> 9262.386 | G23: {=INDIRECT("'Python Impact of Technique'!R" & 6 + (ROW(A21)-1)*4)} -> 9118.7747 | H23: {=INDIRECT("'Python Impact of Technique'!V" & 5 + (ROW(D21)-1)*4)*100} -> -1.5504782 | I23: medium | J23: =AVERAGE(D23,H23) -> -18.413021
... A25: T49 | B25: {=INDIRECT("'Python Impact of Technique'!R" & 3 + (ROW(A23)-1)*4)} -> 5814.2601 | C25: {=INDIRECT("'Python Impact of Technique'!R" & 4 + (ROW(A23)-1)*4)} -> 3628.367 | D25: {=INDIRECT("'Python Impact of Technique'!V" & 3 + (ROW(A23)-1)*4)*100} -> -37.595378 | E25: medium | F25: {=INDIRECT("'Python Impact of Technique'!R" & 5 + (ROW(A23)-1)*4)} -> 5248.7133 | G25: {=INDIRECT("'Python Impact of Technique'!R" & 6 + (ROW(A23)-1)*4)} -> 3528.7982 | H25: {=INDIRECT("'Python Impact of Technique'!V" & 5 + (ROW(D23)-1)*4)*100} -> -32.768318 | I25: small~ | J25: =AVERAGE(D25,H25) -> -35.181848
D32: Interpreter | I32: Nuitka
D33: Impact | E33: Average | F33: Min | G33: Max | I33: Impact | J33: Average | K33: Min | L33: Max
D34: Reduction | E34: {=AVERAGE(_xlfn._xlws.FILTER($D$3:$D$25, ISNUMBER(MATCH($A$3:$A$25, _xlfn.TEXTSPLIT(_xlfn.TEXTJOIN(", ", TRUE, O5:O7), ", "), 0))))} -> -28.131698 | F34: {=MIN(_xlfn._xlws.FILTER($D$3:$D$25, ISNUMBER(MATCH($A$3:$A$25, _xlfn.TEXTSPLIT(_xlfn.TEXTJOIN(", ", TRUE, O5:O7), ", "), 0))))} -> -70.722544 | G34: {=MAX(_xlfn._xlws.FILTER($D$3:$D$25, ISNUMBER(MATCH($A$3:$A$25, _xlfn.TEXTSPLIT(_xlfn.TEXTJOIN(", ", TRUE, O5:O7), ", "), 0))))} -> -6.6109881 | I34: Reduction | J34: {=AVERAGE(_xlfn._xlws.FILTER($H$3:$H$25, ISNUMBER(MATCH($A$3:$A$25, _xlfn.TEXTSPLIT(_xlfn.TEXTJOIN(", ", TRUE, S5:S7), ", "), 0))))} -> -28.386528 | K34: {=MIN(_xlfn._xlws.FILTER($H$3:$H$25, ISNUMBER(MATCH($A$3:$A$25, _xlfn.TEXTSPLIT(_xlfn.TEXTJOIN(", ", TRUE, S5:S7), ", "), 0))))} -> -68.831791 | L34: {=MAX(_xlfn._xlws.FILTER($H$3:$H$25, ISNUMBER(MATCH($A$3:$A$25, _xlfn.TEXTSPLIT(_xlfn.TEXTJOIN(", ", TRUE, S5:S7), ", "), 0))))} -> -3.2557547
D35: No impact | E35: {=AVERAGE(_xlfn._xlws.FILTER($D$3:$D$25, ISNUMBER(MATCH($A$3:$A$25, _xlfn.TEXTSPLIT(_xlfn.TEXTJOIN(", ", TRUE, O8), ", "), 0))))} -> -0.48679048 | F35: {=MIN(_xlfn._xlws.FILTER($D$3:$D$25, ISNUMBER(MATCH($A$3:$A$25, _xlfn.TEXTSPLIT(_xlfn.TEXTJOIN(", ", TRUE, O8), ", "), 0))))} -> -1.6832472 | G35: {=MAX(_xlfn._xlws.FILTER($D$3:$D$25, ISNUMBER(MATCH($A$3:$A$25, _xlfn.TEXTSPLIT(_xlfn.TEXTJOIN(", ", TRUE, O8), ", "), 0))))} -> 1.1944407 | I35: No impact | J35: {=AVERAGE(_xlfn._xlws.FILTER($H$3:$H$25, ISNUMBER(MATCH($A$3:$A$25, _xlfn.TEXTSPLIT(_xlfn.TEXTJOIN(", ", TRUE, S8), ", "), 0))))} -> -1.3566407 | K35: {=MIN(_xlfn._xlws.FILTER($H$3:$H$25, ISNUMBER(MATCH($A$3:$A$25, _xlfn.TEXTSPLIT(_xlfn.TEXTJOIN(", ", TRUE, S8), ", "), 0))))} -> -2.137677 | L35: {=MAX(_xlfn._xlws.FILTER($H$3:$H$25, ISNUMBER(MATCH($A$3:$A$25, _xlfn.TEXTSPLIT(_xlfn.TEXTJOIN(", ", TRUE, S8), ", "), 0))))} -> 0.36899222
D36: Increase | E36: {=AVERAGE(_xlfn._xlws.FILTER($D$3:$D$25, ISNUMBER(MATCH($A$3:$A$25, _xlfn.TEXTSPLIT(_xlfn.TEXTJOIN(", ", TRUE, O9:O11), ", "), 0))))} -> 35.310832 | F36: {=MIN(_xlfn._xlws.FILTER($D$3:$D$25, ISNUMBER(MATCH($A$3:$A$25, _xlfn.TEXTSPLIT(_xlfn.TEXTJOIN(", ", TRUE, O9:O11), ", "), 0))))} -> 4.1901554 | G36: {=MAX(_xlfn._xlws.FILTER($D$3:$D$25, ISNUMBER(MATCH($A$3:$A$25, _xlfn.TEXTSPLIT(_xlfn.TEXTJOIN(", ", TRUE, O9:O11), ", "), 0))))} -> 108.14736 | I36: Increase | J36: {=AVERAGE(_xlfn._xlws.FILTER($H$3:$H$25, ISNUMBER(MATCH($A$3:$A$25, _xlfn.TEXTSPLIT(_xlfn.TEXTJOIN(", ", TRUE, S9:S11), ", "), 0))))} -> 16.709924 | K36: {=MIN(_xlfn._xlws.FILTER($H$3:$H$25, ISNUMBER(MATCH($A$3:$A$25, _xlfn.TEXTSPLIT(_xlfn.TEXTJOIN(", ", TRUE, S9:S11), ", "), 0))))} -> 6.3136513 | L36: {=MAX(_xlfn._xlws.FILTER($H$3:$H$25, ISNUMBER(MATCH($A$3:$A$25, _xlfn.TEXTSPLIT(_xlfn.TEXTJOIN(", ", TRUE, S9:S11), ", "), 0))))} -> 25.506813

Sheet Python Impact of Optimization
A1: Technique | B1: Code REPS | C1: Extrapolate | D1: Test | E1: Optimizacion | F1: Time (s) | G1: Time (s) Extrapolate | H1: Power | K1: Consumption (with baseline) | N1: Consumption (without baseline) | Q1: Consumption (without baseline) Extrapolate | T1: Impact of Optimization (O3-O0)/O0%
H2: HDD (w) | I2: CPU (w) | J2: DUT (w) | K2: HDD (J) | L2: CPU (J) | M2: DUT (J) | N2: HDD (J) | O2: CPU (J) | P2: DUT (J) | Q2: HDD (J) | R2: CPU (J) | S2: DUT (J) | T2: Time (s) | U2: HDD (J) | V2: CPU (J) | W2: DUT (J)
A3: T4 | B3: 100000000 | C3: =100000000/B3 -> 1 | D3: Test1 | F3: 88.541 | G3: =F3*C3 -> 88.541 | H3: 1.63 | I3: 26.21 | J3: 175.9 | K3: 144.32183 | L3: 2320.6596 | M3: 15574.362 | N3: 107.13461 | O3: 2269.3058 | P3: 5830.4248 | Q3: =N3*C3 -> 107.13461 | R3: =O3*C3 -> 2269.3058 | S3: =P3*C3 -> 5830.4248 | T3: =(G4-G3)/G3 -> 0.47149908 | U3: =(N4-N3)/N3 -> 0.9944285 | V3: =(O4-O3)/O3 -> 0.41523419 | W3: =(P4-P3)/P3 -> 0.38926496
B4: 100000000 | C4: =100000000/B4 -> 1 | E4: Nuitka | F4: 130.288 | G4: =F4*C4 -> 130.288 | H4: 2.06 | I4: 25.23 | J4: 172.23 | K4: 268.39328 | L4: 3287.1662 | M4: 22439.502 | N4: 213.67232 | O4: 3211.5992 | P4: 8100.005 | Q4: =N4*C4 -> 213.67232 | R4: =O4*C4 -> 3211.5992 | S4: =P4*C4 -> 8100.005
B5: 100000000 | C5: =100000000/B5 -> 1 | D5: Test2 | F5: 46.921 | G5: =F5*C5 -> 46.921 | H5: 2.6 | I5: 25.59 | J5: 171.89 | K5: 121.9946 | L5: 1200.7084 | M5: 8065.2507 | N5: 102.28778 | O5: 1173.4942 | P5: 2901.1254 | Q5: =N5*C5 -> 102.28778 | R5: =O5*C5 -> 1173.4942 | S5: =P5*C5 -> 2901.1254 | T5: =(G6-G5)/G5 -> -0.065279939 | U5: =(N6-N5)/N5 -> -0.056704525 | V5: =(O6-O5)/O5 -> -0.10825987 | W5: =(P6-P5)/P5 -> -0.091735706
B6: 100000000 | C6: =100000000/B6 -> 1 | E6: Nuitka | F6: 43.858 | G6: =F6*C6 -> 43.858 | H6: 2.62 | I6: 24.44 | J6: 170.14 | K6: 114.90796 | L6: 1071.8895 | M6: 7462.0001 | N6: 96.4876 | O6: 1046.4519 | P6: 2634.9886 | Q6: =N6*C6 -> 96.4876 | R6: =O6*C6 -> 1046.4519 | S6: =P6*C6 -> 2634.9886
A7: T7 | B7: 100000000 | C7: =100000000/B7 -> 1 | D7: Test1 | F7: 20.123 | G7: =F7*C7 -> 20.123 | H7: 5.76 | I7: 36.47 | J7: 165.68 | K7: 115.90848 | L7: 733.88581 | M7: 3333.9786 | N7: 107.45682 | O7: 698.87179 | P7: 1405.7928 | Q7: =N7*C7 -> 107.45682 | R7: =O7*C7 -> 698.87179 | S7: =P7*C7 -> 1405.7928 | T7: =(G8-G7)/G7 -> -0.045867912 | U7: =(N8-N7)/N7 -> -0.38356635 | V7: =(O8-O7)/O7 -> -0.19010038 | W7: =(P8-P7)/P7 -> -0.10268425
B8: 100000000 | C8: =100000000/B8 -> 1 | E8: Nuitka | F8: 19.2 | G8: =F8*C8 -> 19.2 | H8: 3.87 | I8: 31.22 | J8: 161.52 | K8: 74.304 | L8: 599.424 | M8: 3101.184 | N8: 66.24 | O8: 566.016 | P8: 1261.44 | Q8: =N8*C8 -> 66.24 | R8: =O8*C8 -> 566.016 | S8: =P8*C8 -> 1261.44
B9: 100000000 | C9: =100000000/B9 -> 1 | D9: Test2 | F9: 14.173 | G9: =F9*C9 -> 14.173 | H9: 3.61 | I9: 32.12 | J9: 163.21 | K9: 51.16453 | L9: 455.23676 | M9: 2313.1753 | N9: 45.21187 | O9: 430.57574 | P9: 955.11847 | Q9: =N9*C9 -> 45.21187 | R9: =O9*C9 -> 430.57574 | S9: =P9*C9 -> 955.11847 | T9: =(G10-G9)/G9 -> -0.19163198 | U9: =(N10-N9)/N9 -> -0.18909791 | V9: =(O10-O9)/O9 -> -0.24671169 | W9: =(P10-P9)/P9 -> -0.24345198
B10: 100000000 | C10: =100000000/B10 -> 1 | E10: Nuitka | F10: 11.457 | G10: =F10*C10 -> 11.457 | H10: 3.62 | I10: 30.05 | J10: 158.89 | K10: 41.47434 | L10: 344.28285 | M10: 1820.4027 | N10: 36.6624 | O10: 324.34767 | P10: 722.59299 | Q10: =N10*C10 -> 36.6624 | R10: =O10*C10 -> 324.34767 | S10: =P10*C10 -> 722.59299
A11: T8 | B11: 100000000 | C11: =100000000/B11 -> 1 | D11: Test1 | F11: 24.572 | G11: =F11*C11 -> 24.572 | H11: 5.87 | I11: 32.43 | J11: 156.43 | K11: 144.23764 | L11: 796.86996 | M11: 3843.798 | N11: 102.95668 | O11: 711.11368 | P11: 1393.7238 | Q11: =N11*C11 -> 102.95668 | R11: =O11*C11 -> 711.11368 | S11: =P11*C11 -> 1393.7238 | T11: =(G12-G11)/G11 -> -0.25423246 | U11: =(N12-N11)/N11 -> -0.25779221 | V11: =(O12-O11)/O11 -> -0.26995182 | W11: =(P12-P11)/P11 -> -0.26264733
B12: 100000000 | C12: =100000000/B12 -> 1 | E12: Nuitka | F12: 18.325 | G12: =F12*C12 -> 18.325 | H12: 5.85 | I12: 31.82 | J12: 155.79 | K12: 107.20125 | L12: 583.1015 | M12: 2854.8517 | N12: 76.41525 | O12: 519.14725 | P12: 1027.666 | Q12: =N12*C12 -> 76.41525 | R12: =O12*C12 -> 519.14725 | S12: =P12*C12 -> 1027.666
B13: 100000000 | C13: =100000000/B13 -> 1 | D13: Test2 | F13: 7.094 | G13: =F13*C13 -> 7.094 | H13: 5.83 | I13: 31.98 | J13: 157.23 | K13: 41.35802 | L13: 226.86612 | M13: 1115.3896 | N13: 29.4401 | O13: 202.10806 | P13: 408.04688 | Q13: =N13*C13 -> 29.4401 | R13: =O13*C13 -> 202.10806 | S13: =P13*C13 -> 408.04688 | T13: =(G14-G13)/G13 -> 0.091485763 | U13: =(N14-N13)/N13 -> 0.083595504 | V13: =(O14-O13)/O13 -> 0.13822541 | W13: =(P14-P13)/P13 -> 0.17004541
B14: 100000000 | C14: =100000000/B14 -> 1 | E14: Nuitka | F14: 7.743 | G14: =F14*C14 -> 7.743 | H14: 5.8 | I14: 33.2 | J14: 161.37 | K14: 44.9094 | L14: 257.0676 | M14: 1249.4879 | N14: 31.90116 | O14: 230.04453 | P14: 477.43338 | Q14: =N14*C14 -> 31.90116 | R14: =O14*C14 -> 230.04453 | S14: =P14*C14 -> 477.43338
A15: T9 | B15: 100000000 | C15: =100000000/B15 -> 1 | D15: Test1 | F15: 5.617 | G15: =F15*C15 -> 5.617 | H15: 5.61 | I15: 32.37 | J15: 158.01 | K15: 31.51137 | L15: 181.82229 | M15: 887.54217 | N15: 24.93948 | O15: 165.47682 | P15: 348.36634 | Q15: =N15*C15 -> 24.93948 | R15: =O15*C15 -> 165.47682 | S15: =P15*C15 -> 348.36634 | T15: =(G16-G15)/G15 -> -0.53427096 | U15: =(N16-N15)/N15 -> -0.51853687 | V15: =(O16-O15)/O15 -> -0.57521591 | W15: =(P16-P15)/P15 -> -0.54651118
B16: 100000000 | C16: =100000000/B16 -> 1 | E16: Nuitka | F16: 2.616 | G16: =F16*C16 -> 2.616 | H16: 5.76 | I16: 29.78 | J16: 156.38 | K16: 15.06816 | L16: 77.90448 | M16: 409.09008 | N16: 12.00744 | O16: 70.29192 | P16: 157.98024 | Q16: =N16*C16 -> 12.00744 | R16: =O16*C16 -> 70.29192 | S16: =P16*C16 -> 157.98024
B17: 100000000 | C17: =100000000/B17 -> 1 | D17: Test2 | F17: 4.354 | G17: =F17*C17 -> 4.354 | H17: 5.95 | I17: 30.8 | J17: 156.86 | K17: 25.9063 | L17: 134.1032 | M17: 682.96844 | N17: 20.81212 | O17: 121.43306 | P17: 265.02798 | Q17: =N17*C17 -> 20.81212 | R17: =O17*C17 -> 121.43306 | S17: =P17*C17 -> 265.02798 | T17: =(G18-G17)/G17 -> -0.51745521 | U17: =(N18-N17)/N17 -> -0.53057882 | V17: =(O18-O17)/O17 -> -0.56001743 | W17: =(P18-P17)/P17 -> -0.51801014
B18: 100000000 | C18: =100000000/B18 -> 1 | E18: Nuitka | F18: 2.101 | G18: =F18*C18 -> 2.101 | H18: 5.82 | I18: 28.34 | J18: 156.79 | K18: 12.22782 | L18: 59.54234 | M18: 329.41579 | N18: 9.76965 | O18: 53.42843 | P18: 127.7408 | Q18: =N18*C18 -> 9.76965 | R18: =O18*C18 -> 53.42843 | S18: =P18*C18 -> 127.7408
A19: T10 | B19: 100000000 | C19: =100000000/B19 -> 1 | D19: Test1 | F19: 23.135 | G19: =F19*C19 -> 23.135 | H19: 3.54 | I19: 33.31 | J19: 165.39 | K19: 81.8979 | L19: 770.62685 | M19: 3826.2976 | N19: 72.1812 | O19: 730.37195 | P19: 1596.315 | Q19: =N19*C19 -> 72.1812 | R19: =O19*C19 -> 730.37195 | S19: =P19*C19 -> 1596.315 | T19: =(G20-G19)/G19 -> -0.44642317 | U19: =(N20-N19)/N19 -> -0.44642317 | V19: =(O20-O19)/O19 -> -0.466939 | W19: =(P20-P19)/P19 -> -0.47305904
B20: 100000000 | C20: =100000000/B20 -> 1 | E20: Nuitka | F20: 12.807 | G20: =F20*C20 -> 12.807 | H20: 3.54 | I20: 32.14 | J20: 162.07 | K20: 45.33678 | L20: 411.61698 | M20: 2075.6305 | N20: 39.95784 | O20: 389.3328 | P20: 841.16376 | Q20: =N20*C20 -> 39.95784 | R20: =O20*C20 -> 389.3328 | S20: =P20*C20 -> 841.16376
B21: 100000000 | C21: =100000000/B21 -> 1 | D21: Test2 | F21: 11.317 | G21: =F21*C21 -> 11.317 | H21: 3.59 | I21: 31.64 | J21: 160.58 | K21: 40.62803 | L21: 358.06988 | M21: 1817.2839 | N21: 35.87489 | O21: 338.3783 | P21: 726.43823 | Q21: =N21*C21 -> 35.87489 | R21: =O21*C21 -> 338.3783 | S21: =P21*C21 -> 726.43823 | T21: =(G22-G21)/G21 -> -0.58363524 | U21: =(N22-N21)/N21 -> -0.56918725 | V21: =(O22-O21)/O21 -> -0.64379229 | W21: =(P22-P21)/P21 -> -0.63909432
B22: 100000000 | C22: =100000000/B22 -> 1 | E22: Nuitka | F22: 4.712 | G22: =F22*C22 -> 4.712 | H22: 3.7 | I22: 27.32 | J22: 152.03 | K22: 17.4344 | L22: 128.73184 | M22: 716.36536 | N22: 15.45536 | O22: 120.53296 | P22: 262.17568 | Q22: =N22*C22 -> 15.45536 | R22: =O22*C22 -> 120.53296 | S22: =P22*C22 -> 262.17568
A23: T11 | B23: 100000000 | C23: =100000000/B23 -> 1 | D23: Test1 | F23: 42.316 | G23: =F23*C23 -> 42.316 | H23: 8.26 | I23: 37.7 | J23: 163.63 | K23: 349.53016 | L23: 1595.3132 | M23: 6924.1671 | N23: 218.77372 | O23: 1349.4572 | P23: 2697.645 | Q23: =N23*C23 -> 218.77372 | R23: =O23*C23 -> 1349.4572 | S23: =P23*C23 -> 2697.645 | T23: =(G24-G23)/G23 -> -0.33838264 | U23: =(N24-N23)/N23 -> -0.35501906 | V23: =(O24-O23)/O23 -> -0.36950293 | W23: =(P24-P23)/P23 -> -0.4001336
B24: 100000000 | C24: =100000000/B24 -> 1 | E24: Nuitka | F24: 27.997 | G24: =F24*C24 -> 27.997 | H24: 8.13 | I24: 36.2 | J24: 157.68 | K24: 227.61561 | L24: 1013.4914 | M24: 4414.567 | N24: 141.10488 | O24: 850.82883 | P24: 1618.2266 | Q24: =N24*C24 -> 141.10488 | R24: =O24*C24 -> 850.82883 | S24: =P24*C24 -> 1618.2266
B25: 100000000 | C25: =100000000/B25 -> 1 | D25: Test2 | F25: 28.316 | G25: =F25*C25 -> 28.316 | H25: 8.02 | I25: 37.21 | J25: 164.63 | K25: 227.09432 | L25: 1053.6384 | M25: 4661.6631 | N25: 139.59788 | O25: 889.1224 | P25: 1833.461 | Q25: =N25*C25 -> 139.59788 | R25: =O25*C25 -> 889.1224 | S25: =P25*C25 -> 1833.461 | T25: =(G26-G25)/G25 -> -0.10142676 | U25: =(N26-N25)/N25 -> -0.13605737 | V25: =(O26-O25)/O25 -> -0.13519479 | W25: =(P26-P25)/P25 -> -0.054520538
B26: 100000000 | C26: =100000000/B26 -> 1 | E26: Nuitka | F26: 25.444 | G26: =F26*C26 -> 25.444 | H26: 7.83 | I26: 36.03 | J26: 168.01 | K26: 199.22652 | L26: 916.74732 | M26: 4274.8464 | N26: 120.60456 | O26: 768.91768 | P26: 1733.4997 | Q26: =N26*C26 -> 120.60456 | R26: =O26*C26 -> 768.91768 | S26: =P26*C26 -> 1733.4997
A27: T12 | B27: 100000000 | C27: =100000000/B27 -> 1 | D27: Test1 | F27: 9.58 | G27: =F27*C27 -> 9.58 | H27: 9.41 | I27: 36.26 | J27: 156.64 | K27: 90.1478 | L27: 347.3708 | M27: 1500.6112 | N27: 39.757 | O27: 258.2768 | P27: 549.2214 | Q27: =N27*C27 -> 39.757 | R27: =O27*C27 -> 258.2768 | S27: =P27*C27 -> 549.2214 | T27: =(G28-G27)/G27 -> -0.46638831 | U27: =(N28-N27)/N27 -> -0.4316714 | V27: =(O28-O27)/O27 -> -0.48400383 | W27: =(P28-P27)/P27 -> -0.47122832
B28: 100000000 | C28: =100000000/B28 -> 1 | E28: Nuitka | F28: 5.112 | G28: =F28*C28 -> 5.112 | H28: 9.68 | I28: 35.37 | J28: 156.13 | K28: 49.48416 | L28: 180.81144 | M28: 798.13656 | N28: 22.59504 | O28: 133.26984 | P28: 290.41272 | Q28: =N28*C28 -> 22.59504 | R28: =O28*C28 -> 133.26984 | S28: =P28*C28 -> 290.41272
B29: 100000000 | C29: =100000000/B29 -> 1 | D29: Test2 | F29: 7.673 | G29: =F29*C29 -> 7.673 | H29: 9.53 | I29: 35.79 | J29: 156.84 | K29: 73.12369 | L29: 274.61667 | M29: 1203.4333 | N29: 32.76371 | O29: 203.25777 | P29: 441.42769 | Q29: =N29*C29 -> 32.76371 | R29: =O29*C29 -> 203.25777 | S29: =P29*C29 -> 441.42769 | T29: =(G30-G29)/G29 -> -0.440636 | U29: =(N30-N29)/N29 -> -0.44718593 | V29: =(O30-O29)/O29 -> -0.47294354 | W29: =(P30-P29)/P29 -> -0.4357745
B30: 100000000 | C30: =100000000/B30 -> 1 | E30: Nuitka | F30: 4.292 | G30: =F30*C30 -> 4.292 | H30: 9.48 | I30: 34.26 | J30: 157.34 | K30: 40.68816 | L30: 147.04392 | M30: 675.30328 | N30: 18.11224 | O30: 107.12832 | P30: 249.06476 | Q30: =N30*C30 -> 18.11224 | R30: =O30*C30 -> 107.12832 | S30: =P30*C30 -> 249.06476
A31: T13 | B31: 100000000 | C31: =100000000/B31 -> 1 | D31: Test1 | F31: 252.87 | G31: =F31*C31 -> 252.87 | H31: 4.88 | I31: 32.86 | J31: 155.62 | K31: 1234.0056 | L31: 8309.3082 | M31: 39351.629 | N31: 872.4015 | O31: 7426.7919 | P31: 14345.315 | Q31: =N31*C31 -> 872.4015 | R31: =O31*C31 -> 7426.7919 | S31: =P31*C31 -> 14345.315 | T31: =(G32-G31)/G31 -> -0.099327718 | U31: =(N32-N31)/N31 -> -0.096717074 | V31: =(O32-O31)/O31 -> -0.0858345 | W31: =(P32-P31)/P31 -> -0.084403834
B32: 100000000 | C32: =100000000/B32 -> 1 | E32: Nuitka | F32: 227.753 | G32: =F32*C32 -> 227.753 | H32: 4.89 | I32: 33.3 | J32: 156.56 | K32: 1113.7122 | L32: 7584.1749 | M32: 35657.01 | N32: 788.02538 | O32: 6789.3169 | P32: 13134.516 | Q32: =N32*C32 -> 788.02538 | R32: =O32*C32 -> 6789.3169 | S32: =P32*C32 -> 13134.516
B33: 100000000 | C33: =100000000/B33 -> 1 | D33: Test2 | F33: 227.607 | G33: =F33*C33 -> 227.607 | H33: 4.87 | I33: 33.33 | J33: 157.75 | K33: 1108.4461 | L33: 7586.1413 | M33: 35905.004 | N33: 782.96808 | O33: 6791.7929 | P33: 13396.948 | Q33: =N33*C33 -> 782.96808 | R33: =O33*C33 -> 6791.7929 | S33: =P33*C33 -> 13396.948 | T33: =(G34-G33)/G33 -> -0.0022407044 | U33: =(N34-N33)/N33 -> 0.0006597587 | V33: =(O34-O33)/O33 -> -0.00090322542 | W33: =(P34-P33)/P33 -> -0.015971337
B34: 100000000 | C34: =100000000/B34 -> 1 | E34: Nuitka | F34: 227.097 | G34: =F34*C34 -> 227.097 | H34: 4.88 | I34: 33.37 | J34: 156.94 | K34: 1108.2334 | L34: 7578.2269 | M34: 35640.603 | N34: 783.48465 | O34: 6785.6584 | P34: 13182.981 | Q34: =N34*C34 -> 783.48465 | R34: =O34*C34 -> 6785.6584 | S34: =P34*C34 -> 13182.981
A35: T16 | B35: 100000000 | C35: =100000000/B35 -> 1 | D35: Test1 | F35: 8.235 | G35: =F35*C35 -> 8.235 | H35: 6.83 | I35: 33.17 | J35: 160.97 | K35: 56.24505 | L35: 273.15495 | M35: 1325.5879 | N35: 33.51645 | O35: 234.8622 | P35: 494.34705 | Q35: =N35*C35 -> 33.51645 | R35: =O35*C35 -> 234.8622 | S35: =P35*C35 -> 494.34705 | T35: =(G36-G35)/G35 -> -0.47455981 | U35: =(N36-N35)/N35 -> -0.47068678 | V35: =(O36-O35)/O35 -> -0.50366905 | W35: =(P36-P35)/P35 -> -0.48497583
B36: 100000000 | C36: =100000000/B36 -> 1 | E36: Nuitka | F36: 4.327 | G36: =F36*C36 -> 4.327 | H36: 6.86 | I36: 31.59 | J36: 159.78 | K36: 29.68322 | L36: 136.68993 | M36: 691.36806 | N36: 17.7407 | O36: 116.56938 | P36: 254.60068 | Q36: =N36*C36 -> 17.7407 | R36: =O36*C36 -> 116.56938 | S36: =P36*C36 -> 254.60068
B37: 100000000 | C37: =100000000/B37 -> 1 | D37: Test2 | F37: 7.561 | G37: =F37*C37 -> 7.561 | H37: 6.83 | I37: 32.38 | J37: 158.39 | K37: 51.64163 | L37: 244.82518 | M37: 1197.5868 | N37: 30.77327 | O37: 209.66653 | P37: 434.30384 | Q37: =N37*C37 -> 30.77327 | R37: =O37*C37 -> 209.66653 | S37: =P37*C37 -> 434.30384 | T37: =(G38-G37)/G37 -> -0.44174051 | U37: =(N38-N37)/N37 -> -0.42939571 | V37: =(O38-O37)/O37 -> -0.46227512 | W37: =(P38-P37)/P37 -> -0.44562811
B38: 100000000 | C38: =100000000/B38 -> 1 | E38: Nuitka | F38: 4.221 | G38: =F38*C38 -> 4.221 | H38: 6.92 | I38: 31.36 | J38: 157.98 | K38: 29.20932 | L38: 132.37056 | M38: 666.83358 | N38: 17.55936 | O38: 112.74291 | P38: 240.76584 | Q38: =N38*C38 -> 17.55936 | R38: =O38*C38 -> 112.74291 | S38: =P38*C38 -> 240.76584
A39: T17 | B39: 100000000 | C39: =100000000/B39 -> 1 | D39: Test1 | F39: 7.677 | G39: =F39*C39 -> 7.677 | H39: 9.08 | I39: 35.44 | J39: 159.31 | K39: 69.70716 | L39: 272.07288 | M39: 1223.0229 | N39: 33.16464 | O39: 209.65887 | P39: 439.66179 | Q39: =N39*C39 -> 33.16464 | R39: =O39*C39 -> 209.65887 | S39: =P39*C39 -> 439.66179 | T39: =(G40-G39)/G39 -> -0.45239026 | U39: =(N40-N39)/N39 -> -0.45239026 | V39: =(O40-O39)/O39 -> -0.47424652 | W39: =(P40-P39)/P39 -> -0.46233463
B40: 100000000 | C40: =100000000/B40 -> 1 | E40: Nuitka | F40: 4.204 | G40: =F40*C40 -> 4.204 | H40: 9.08 | I40: 34.35 | J40: 158.27 | K40: 38.17232 | L40: 144.4074 | M40: 665.36708 | N40: 18.16128 | O40: 110.22888 | P40: 236.39092 | Q40: =N40*C40 -> 18.16128 | R40: =O40*C40 -> 110.22888 | S40: =P40*C40 -> 236.39092
B41: 100000000 | C41: =100000000/B41 -> 1 | D41: Test2 | F41: 8.191 | G41: =F41*C41 -> 8.191 | H41: 8.92 | I41: 36.03 | J41: 159.09 | K41: 73.06372 | L41: 295.12173 | M41: 1303.1062 | N41: 34.07456 | O41: 228.5289 | P41: 467.29655 | Q41: =N41*C41 -> 34.07456 | R41: =O41*C41 -> 228.5289 | S41: =P41*C41 -> 467.29655 | T41: =(G42-G41)/G41 -> -0.38408009 | U41: =(N42-N41)/N41 -> -0.39444412 | V41: =(O42-O41)/O41 -> -0.40990899 | W41: =(P42-P41)/P41 -> -0.38148901
B42: 100000000 | C42: =100000000/B42 -> 1 | E42: Nuitka | F42: 5.045 | G42: =F42*C42 -> 5.045 | H42: 8.85 | I42: 34.86 | J42: 159.33 | K42: 44.64825 | L42: 175.8687 | M42: 803.81985 | N42: 20.63405 | O42: 134.85285 | P42: 289.02805 | Q42: =N42*C42 -> 20.63405 | R42: =O42*C42 -> 134.85285 | S42: =P42*C42 -> 289.02805
A43: T19 | B43: 100000000 | C43: =100000000/B43 -> 1 | D43: Test1 | F43: 130.407 | G43: =F43*C43 -> 130.407 | H43: 2.8 | I43: 22.39 | J43: 171.05 | K43: 365.1396 | L43: 2919.8127 | M43: 22306.117 | N43: 310.36866 | O43: 2844.1767 | P43: 8087.8421 | Q43: =N43*C43 -> 310.36866 | R43: =O43*C43 -> 2844.1767 | S43: =P43*C43 -> 8087.8421 | T43: =(G44-G43)/G43 -> -0.036171371 | U43: =(N44-N43)/N43 -> -0.032121671 | V43: =(O44-O43)/O43 -> -0.010539982 | W43: =(P44-P43)/P43 -> -0.022961853
B44: 100000000 | C44: =100000000/B44 -> 1 | E44: Nuitka | F44: 125.69 | G44: =F44*C44 -> 125.69 | H44: 2.81 | I44: 22.97 | J44: 171.9 | K44: 353.1889 | L44: 2887.0993 | M44: 21606.111 | N44: 300.3991 | O44: 2814.1991 | P44: 7902.1303 | Q44: =N44*C44 -> 300.3991 | R44: =O44*C44 -> 2814.1991 | S44: =P44*C44 -> 7902.1303
B45: 100000000 | C45: =100000000/B45 -> 1 | D45: Test2 | F45: 131.515 | G45: =F45*C45 -> 131.515 | H45: 2.84 | I45: 22.23 | J45: 169.93 | K45: 373.5026 | L45: 2923.5784 | M45: 22348.344 | N45: 318.2663 | O45: 2847.2997 | P45: 8009.2635 | Q45: =N45*C45 -> 318.2663 | R45: =O45*C45 -> 2847.2997 | S45: =P45*C45 -> 8009.2635 | T45: =(G46-G45)/G45 -> -0.053887389 | U45: =(N46-N45)/N45 -> -0.034339608 | V45: =(O46-O45)/O45 -> -0.052576379 | W45: =(P46-P45)/P45 -> -0.045498213
B46: 100000000 | C46: =100000000/B46 -> 1 | E46: Nuitka | F46: 124.428 | G46: =F46*C46 -> 124.428 | H46: 2.89 | I46: 22.26 | J46: 170.47 | K46: 359.59692 | L46: 2769.7673 | M46: 21211.241 | N46: 307.33716 | O46: 2697.599 | P46: 7644.8563 | Q46: =N46*C46 -> 307.33716 | R46: =O46*C46 -> 2697.599 | S46: =P46*C46 -> 7644.8563
A47: T20 | B47: 100000000 | C47: =100000000/B47 -> 1 | D47: Test1 | F47: 66.995 | G47: =F47*C47 -> 66.995 | H47: 11.87 | I47: 42.17 | J47: 149.92 | K47: 795.23065 | L47: 2825.1792 | M47: 10043.89 | N47: 481.69405 | O47: 2240.9828 | P47: 4211.3057 | Q47: =N47*C47 -> 481.69405 | R47: =O47*C47 -> 2240.9828 | S47: =P47*C47 -> 4211.3057 | T47: =(G48-G47)/G47 -> -0.035211583 | U47: =(N48-N47)/N47 -> -0.3344436 | V47: =(O48-O47)/O47 -> -0.10270351 | W47: =(P48-P47)/P47 -> -0.075116926
B48: 100000000 | C48: =100000000/B48 -> 1 | E48: Nuitka | F48: 64.636 | G48: =F48*C48 -> 64.636 | H48: 9.64 | I48: 39.83 | J48: 147.32 | K48: 623.09104 | L48: 2574.4519 | M48: 9522.1755 | N48: 320.59456 | O48: 2010.826 | P48: 3894.9654 | Q48: =N48*C48 -> 320.59456 | R48: =O48*C48 -> 2010.826 | S48: =P48*C48 -> 3894.9654
B49: 100000000 | C49: =100000000/B49 -> 1 | D49: Test2 | F49: 61.139 | G49: =F49*C49 -> 61.139 | H49: 10.94 | I49: 41.23 | J49: 148.3 | K49: 668.86066 | L49: 2520.761 | M49: 9066.9137 | N49: 382.73014 | O49: 1987.6289 | P49: 3744.1524 | Q49: =N49*C49 -> 382.73014 | R49: =O49*C49 -> 1987.6289 | S49: =P49*C49 -> 3744.1524 | T49: =(G50-G49)/G49 -> 0.091627276 | U49: =(N50-N49)/N49 -> 0.30437253 | V49: =(O50-O49)/O49 -> 0.12990642 | W49: =(P50-P49)/P49 -> 0.18628013
B50: 100000000 | C50: =100000000/B50 -> 1 | E50: Nuitka | F50: 66.741 | G50: =F50*C50 -> 66.741 | H50: 12.16 | I50: 42.37 | J50: 153.61 | K50: 811.57056 | L50: 2827.8162 | M50: 10252.085 | N50: 499.22268 | O50: 2245.8346 | P50: 4441.6136 | Q50: =N50*C50 -> 499.22268 | R50: =O50*C50 -> 2245.8346 | S50: =P50*C50 -> 4441.6136
A51: T25 | B51: 100000000 | C51: =100000000/B51 -> 1 | D51: Test1 | F51: 174.384 | G51: =F51*C51 -> 174.384 | H51: 5.81 | I51: 33.69 | J51: 143.78 | K51: 1013.171 | L51: 5874.997 | M51: 25072.932 | N51: 763.80192 | O51: 5165.2541 | P51: 10830.99 | Q51: =N51*C51 -> 763.80192 | R51: =O51*C51 -> 5165.2541 | S51: =P51*C51 -> 10830.99 | T51: =(G52-G51)/G51 -> -0.10152881 | U51: =(N52-N51)/N51 -> 0.058472909 | V51: =(O52-O51)/O51 -> -0.06088224 | W51: =(P52-P51)/P51 -> -0.12481876
B52: 100000000 | C52: =100000000/B52 -> 1 | E52: Nuitka | F52: 156.679 | G52: =F52*C52 -> 156.679 | H52: 6.59 | I52: 35.03 | J52: 142.17 | K52: 1032.5146 | L52: 5488.4654 | M52: 22275.053 | N52: 808.46364 | O52: 4850.7818 | P52: 9479.0795 | Q52: =N52*C52 -> 808.46364 | R52: =O52*C52 -> 4850.7818 | S52: =P52*C52 -> 9479.0795
B53: 100000000 | C53: =100000000/B53 -> 1 | D53: Test2 | F53: 168.065 | G53: =F53*C53 -> 168.065 | H53: 8.85 | I53: 37.29 | J53: 139.76 | K53: 1487.3752 | L53: 6267.1438 | M53: 23488.764 | N53: 1247.0423 | O53: 5583.1193 | P53: 9762.8959 | Q53: =N53*C53 -> 1247.0423 | R53: =O53*C53 -> 5583.1193 | S53: =P53*C53 -> 9762.8959 | T53: =(G54-G53)/G53 -> -0.14924583 | U53: =(N54-N53)/N53 -> 0.043377759 | V53: =(O54-O53)/O53 -> -0.097002043 | W53: =(P54-P53)/P53 -> -0.15700792
B54: 100000000 | C54: =100000000/B54 -> 1 | E54: Nuitka | F54: 142.982 | G54: =F54*C54 -> 142.982 | H54: 10.53 | I54: 39.33 | J54: 139.23 | K54: 1505.6005 | L54: 5623.4821 | M54: 19907.384 | N54: 1301.1362 | O54: 5041.5453 | P54: 8230.0439 | Q54: =N54*C54 -> 1301.1362 | R54: =O54*C54 -> 5041.5453 | S54: =P54*C54 -> 8230.0439
A55: T26 | B55: 100000000 | C55: =100000000/B55 -> 1 | D55: Test1 | F55: 173.376 | G55: =F55*C55 -> 173.376 | H55: 3.72 | I55: 30.18 | J55: 171.31 | K55: 644.95872 | L55: 5232.4877 | M55: 29701.043 | N55: 572.1408 | O55: 5131.9296 | P55: 11806.906 | Q55: =N55*C55 -> 572.1408 | R55: =O55*C55 -> 5131.9296 | S55: =P55*C55 -> 11806.906 | T55: =(G56-G55)/G55 -> -0.10778885 | U55: =(N56-N55)/N55 -> -0.26460172 | V55: =(O56-O55)/O55 -> -0.093923408 | W55: =(P56-P55)/P55 -> -0.1232486
B56: 100000000 | C56: =100000000/B56 -> 1 | E56: Nuitka | F56: 154.688 | G56: =F56*C56 -> 154.688 | H56: 3.14 | I56: 30.64 | J56: 170.13 | K56: 485.72032 | L56: 4739.6403 | M56: 26317.069 | N56: 420.75136 | O56: 4649.9213 | P56: 10351.721 | Q56: =N56*C56 -> 420.75136 | R56: =O56*C56 -> 4649.9213 | S56: =P56*C56 -> 10351.721
B57: 100000000 | C57: =100000000/B57 -> 1 | D57: Test2 | F57: 127.484 | G57: =F57*C57 -> 127.484 | H57: 3.02 | I57: 30.69 | J57: 169.71 | K57: 385.00168 | L57: 3912.484 | M57: 21635.31 | N57: 331.4584 | O57: 3838.5432 | P57: 8477.686 | Q57: =N57*C57 -> 331.4584 | R57: =O57*C57 -> 3838.5432 | S57: =P57*C57 -> 8477.686 | T57: =(G58-G57)/G57 -> 0.014543001 | U57: =(N58-N57)/N57 -> -0.067400856 | V57: =(O58-O57)/O57 -> -0.015445151 | W57: =(P58-P57)/P57 -> 0.020798079
B58: 100000000 | C58: =100000000/B58 -> 1 | E58: Nuitka | F58: 129.338 | G58: =F58*C58 -> 129.338 | H58: 2.81 | I58: 29.8 | J58: 170.12 | K58: 363.43978 | L58: 3854.2724 | M58: 22002.981 | N58: 309.11782 | O58: 3779.2564 | P58: 8654.0056 | Q58: =N58*C58 -> 309.11782 | R58: =O58*C58 -> 3779.2564 | S58: =P58*C58 -> 8654.0056
A59: T28 | B59: 100000000 | C59: =100000000/B59 -> 1 | D59: Test1 | F59: 198.58 | G59: =F59*C59 -> 198.58 | H59: 2.8 | I59: 24.36 | J59: 168.52 | K59: 556.024 | L59: 4837.4088 | M59: 33464.702 | N59: 472.6204 | O59: 4722.2324 | P59: 12319.903 | Q59: =N59*C59 -> 472.6204 | R59: =O59*C59 -> 4722.2324 | S59: =P59*C59 -> 12319.903 | T59: =(G60-G59)/G59 -> -0.056113405 | U59: =(N60-N59)/N59 -> -0.024386125 | V59: =(O60-O59)/O59 -> -0.050159537 | W59: =(P60-P59)/P59 -> -0.014730885
B60: 100000000 | C60: =100000000/B60 -> 1 | E60: Nuitka | F60: 187.437 | G60: =F60*C60 -> 187.437 | H60: 2.88 | I60: 24.51 | J60: 171.24 | K60: 539.81856 | L60: 4594.0809 | M60: 32096.712 | N60: 461.09502 | O60: 4485.3674 | P60: 12138.42 | Q60: =N60*C60 -> 461.09502 | R60: =O60*C60 -> 4485.3674 | S60: =P60*C60 -> 12138.42
B61: 100000000 | C61: =100000000/B61 -> 1 | D61: Test2 | F61: 237.303 | G61: =F61*C61 -> 237.303 | H61: 3.2 | I61: 23.59 | J61: 170.14 | K61: 759.3696 | L61: 5597.9778 | M61: 40374.732 | N61: 659.70234 | O61: 5460.342 | P61: 15106.709 | Q61: =N61*C61 -> 659.70234 | R61: =O61*C61 -> 5460.342 | S61: =P61*C61 -> 15106.709 | T61: =(G62-G61)/G61 -> -0.055330105 | U61: =(N62-N61)/N61 -> 0.14515739 | V61: =(O62-O61)/O61 -> -0.089405551 | W61: =(P62-P61)/P61 -> -0.059188324
B62: 100000000 | C62: =100000000/B62 -> 1 | E62: Nuitka | F62: 224.173 | G62: =F62*C62 -> 224.173 | H62: 3.79 | I62: 22.76 | J62: 169.88 | K62: 849.61567 | L62: 5102.1775 | M62: 38082.509 | N62: 755.46301 | O62: 4972.1571 | P62: 14212.568 | Q62: =N62*C62 -> 755.46301 | R62: =O62*C62 -> 4972.1571 | S62: =P62*C62 -> 14212.568
A63: T29 | B63: 100000000 | C63: =100000000/B63 -> 1 | D63: Test1 | F63: 5.321 | G63: =F63*C63 -> 5.321 | H63: 9.81 | I63: 36.23 | J63: 158.25 | K63: 52.19901 | L63: 192.77983 | M63: 842.04825 | N63: 22.45462 | O63: 143.29453 | P63: 317.71691 | Q63: =N63*C63 -> 22.45462 | R63: =O63*C63 -> 143.29453 | S63: =P63*C63 -> 317.71691 | T63: =(G64-G63)/G63 -> -0.42623567 | U63: =(N64-N63)/N63 -> -0.42215678 | V63: =(O64-O63)/O63 -> -0.48141761 | W63: =(P64-P63)/P63 -> -0.45333357
B64: 100000000 | C64: =100000000/B64 -> 1 | E64: Nuitka | F64: 3.053 | G64: =F64*C64 -> 3.053 | H64: 9.84 | I64: 33.64 | J64: 155.42 | K64: 30.04152 | L64: 102.70292 | M64: 474.49726 | N64: 12.97525 | O64: 74.31002 | P64: 173.68517 | Q64: =N64*C64 -> 12.97525 | R64: =O64*C64 -> 74.31002 | S64: =P64*C64 -> 173.68517
B65: 100000000 | C65: =100000000/B65 -> 1 | D65: Test2 | F65: 5.363 | G65: =F65*C65 -> 5.363 | H65: 9.68 | I65: 35.65 | J65: 158.48 | K65: 51.91384 | L65: 191.19095 | M65: 849.92824 | N65: 21.93467 | O65: 141.31505 | P65: 321.51185 | Q65: =N65*C65 -> 21.93467 | R65: =O65*C65 -> 141.31505 | S65: =P65*C65 -> 321.51185 | T65: =(G66-G65)/G65 -> -0.31735969 | U65: =(N66-N65)/N65 -> -0.32236683 | V65: =(O66-O65)/O65 -> -0.35155647 | W65: =(P66-P65)/P65 -> -0.32669689
B66: 100000000 | C66: =100000000/B66 -> 1 | E66: Nuitka | F66: 3.661 | G66: =F66*C66 -> 3.661 | H66: 9.65 | I66: 34.33 | J66: 157.66 | K66: 35.32865 | L66: 125.68213 | M66: 577.19326 | N66: 14.86366 | O66: 91.63483 | P66: 216.47493 | Q66: =N66*C66 -> 14.86366 | R66: =O66*C66 -> 91.63483 | S66: =P66*C66 -> 216.47493
A67: T31 | B67: 100000000 | C67: =100000000/B67 -> 1 | D67: Test1 | F67: 152.624 | G67: =F67*C67 -> 152.624 | H67: 3.76 | I67: 22.19 | J67: 171.38 | K67: 573.86624 | L67: 3386.7266 | M67: 26156.701 | N67: 509.76416 | O67: 3298.2046 | P67: 10367.748 | Q67: =N67*C67 -> 509.76416 | R67: =O67*C67 -> 3298.2046 | S67: =P67*C67 -> 10367.748 | T67: =(G68-G67)/G67 -> 1.5070566 | U67: =(N68-N67)/N67 -> 1.574612 | V67: =(O68-O67)/O67 -> 1.688038 | W67: =(P68-P67)/P67 -> 1.6484083
B68: 100000000 | C68: =100000000/B68 -> 1 | E68: Nuitka | F68: 382.637 | G68: =F68*C68 -> 382.637 | H68: 3.85 | I68: 23.75 | J68: 175.21 | K68: 1473.1525 | L68: 9087.6287 | M68: 67041.829 | N68: 1312.4449 | O68: 8865.6993 | P68: 27458.031 | Q68: =N68*C68 -> 1312.4449 | R68: =O68*C68 -> 8865.6993 | S68: =P68*C68 -> 27458.031
B69: 100000000 | C69: =100000000/B69 -> 1 | D69: Test2 | F69: 317.87 | G69: =F69*C69 -> 317.87 | H69: 3.87 | I69: 22.81 | J69: 171.34 | K69: 1230.1569 | L69: 7250.6147 | M69: 54463.846 | N69: 1096.6515 | O69: 7066.2501 | P69: 21580.194 | Q69: =N69*C69 -> 1096.6515 | R69: =O69*C69 -> 7066.2501 | S69: =P69*C69 -> 21580.194 | T69: =(G70-G69)/G69 -> 0.29072577 | U69: =(N70-N69)/N69 -> 0.18597121 | V69: =(O70-O69)/O69 -> 0.35923933 | W69: =(P70-P69)/P69 -> 0.35270494
B70: 100000000 | C70: =100000000/B70 -> 1 | E70: Nuitka | F70: 410.283 | G70: =F70*C70 -> 410.283 | H70: 3.59 | I70: 23.99 | J70: 174.59 | K70: 1472.916 | L70: 9842.6892 | M70: 71631.309 | N70: 1300.5971 | O70: 9604.725 | P70: 29191.635 | Q70: =N70*C70 -> 1300.5971 | R70: =O70*C70 -> 9604.725 | S70: =P70*C70 -> 29191.635
A71: T32 | B71: 100000000 | C71: =100000000/B71 -> 1 | D71: Test1 | F71: 9.509 | G71: =F71*C71 -> 9.509 | H71: 9.01 | I71: 35.82 | J71: 158.31 | K71: 85.67609 | L71: 340.61238 | M71: 1505.3698 | N71: 49.06644 | O71: 268.81943 | P71: 559.1292 | Q71: =N71*C71 -> 49.06644 | R71: =O71*C71 -> 268.81943 | S71: =P71*C71 -> 559.1292 | T71: =(G72-G71)/G71 -> -0.55599958 | U71: =(N72-N71)/N71 -> -0.60762754 | V71: =(O72-O71)/O71 -> -0.59699148 | W71: =(P72-P71)/P71 -> -0.56694857
B72: 100000000 | C72: =100000000/B72 -> 1 | E72: Nuitka | F72: 4.222 | G72: =F72*C72 -> 4.222 | H72: 8.41 | I72: 33.21 | J72: 156.86 | K72: 35.50702 | L72: 140.21262 | M72: 662.26292 | N72: 19.25232 | O72: 108.33652 | P72: 242.1317 | Q72: =N72*C72 -> 19.25232 | R72: =O72*C72 -> 108.33652 | S72: =P72*C72 -> 242.1317
B73: 100000000 | C73: =100000000/B73 -> 1 | D73: Test2 | F73: 8.581 | G73: =F73*C73 -> 8.581 | H73: 8.31 | I73: 34.34 | J73: 157.59 | K73: 71.30811 | L73: 294.67154 | M73: 1352.2798 | N73: 38.27126 | O73: 229.88499 | P73: 498.29867 | Q73: =N73*C73 -> 38.27126 | R73: =O73*C73 -> 229.88499 | S73: =P73*C73 -> 498.29867 | T73: =(G74-G73)/G73 -> -0.40589675 | U73: =(N74-N73)/N73 -> -0.40989296 | V73: =(O74-O73)/O73 -> -0.4109973 | W73: =(P74-P73)/P73 -> -0.3901413
B74: 100000000 | C74: =100000000/B74 -> 1 | E74: Nuitka | F74: 5.098 | G74: =F74*C74 -> 5.098 | H74: 8.28 | I74: 34.11 | J74: 159.12 | K74: 42.21144 | L74: 173.89278 | M74: 811.19376 | N74: 22.58414 | O74: 135.40288 | P74: 303.89178 | Q74: =N74*C74 -> 22.58414 | R74: =O74*C74 -> 135.40288 | S74: =P74*C74 -> 303.89178
A75: T33 | B75: 100000000 | C75: =100000000/B75 -> 1 | D75: Test1 | F75: 9.928 | G75: =F75*C75 -> 9.928 | H75: 9.44 | I75: 38.31 | J75: 161.43 | K75: 93.72032 | L75: 380.34168 | M75: 1602.677 | N75: 44.77528 | O75: 299.62704 | P75: 609.18208 | Q75: =N75*C75 -> 44.77528 | R75: =O75*C75 -> 299.62704 | S75: =P75*C75 -> 609.18208 | T75: =(G76-G75)/G75 -> -0.42334811 | U75: =(N76-N75)/N75 -> -0.38115407 | V75: =(O76-O75)/O75 -> -0.46232656 | W75: =(P76-P75)/P75 -> -0.4421438
B76: 100000000 | C76: =100000000/B76 -> 1 | E76: Nuitka | F76: 5.725 | G76: =F76*C76 -> 5.725 | H76: 9.77 | I76: 36.27 | J76: 159.43 | K76: 55.93325 | L76: 207.64575 | M76: 912.73675 | N76: 27.709 | O76: 161.1015 | P76: 339.836 | Q76: =N76*C76 -> 27.709 | R76: =O76*C76 -> 161.1015 | S76: =P76*C76 -> 339.836
B77: 100000000 | C77: =100000000/B77 -> 1 | D77: Test2 | F77: 9.531 | G77: =F77*C77 -> 9.531 | H77: 9.55 | I77: 37.9 | J77: 162.91 | K77: 91.02105 | L77: 361.2249 | M77: 1552.6952 | N77: 44.03322 | O77: 283.73787 | P77: 598.92804 | Q77: =N77*C77 -> 44.03322 | R77: =O77*C77 -> 283.73787 | S77: =P77*C77 -> 598.92804 | T77: =(G78-G77)/G77 -> -0.42104711 | U77: =(N78-N77)/N77 -> -0.42856598 | V77: =(O78-O77)/O77 -> -0.45371896 | W77: =(P78-P77)/P77 -> -0.45338518
B78: 100000000 | C78: =100000000/B78 -> 1 | E78: Nuitka | F78: 5.518 | G78: =F78*C78 -> 5.518 | H78: 9.49 | I78: 36.22 | J78: 159.41 | K78: 52.36582 | L78: 199.86196 | M78: 879.62438 | N78: 25.16208 | O78: 155.00062 | P78: 327.38294 | Q78: =N78*C78 -> 25.16208 | R78: =O78*C78 -> 155.00062 | S78: =P78*C78 -> 327.38294
A79: T36 | B79: 100000000 | C79: =100000000/B79 -> 1 | D79: Test1 | F79: 72.716 | G79: =F79*C79 -> 72.716 | H79: 7.98 | I79: 36.91 | J79: 162.15 | K79: 580.27368 | L79: 2683.9476 | M79: 11790.899 | N79: 318.49608 | O79: 2177.117 | P79: 4559.2932 | Q79: =N79*C79 -> 318.49608 | R79: =O79*C79 -> 2177.117 | S79: =P79*C79 -> 4559.2932 | T79: =(G80-G79)/G79 -> -0.31639529 | U79: =(N80-N79)/N79 -> -0.30859158 | V79: =(O80-O79)/O79 -> -0.3467625 | W79: =(P80-P79)/P79 -> -0.34092656
B80: 100000000 | C80: =100000000/B80 -> 1 | E80: Nuitka | F80: 49.709 | G80: =F80*C80 -> 49.709 | H80: 8.03 | I80: 35.58 | J80: 159.9 | K80: 399.16327 | L80: 1768.6462 | M80: 7948.4691 | N80: 220.21087 | O80: 1422.1745 | P80: 3004.9091 | Q80: =N80*C80 -> 220.21087 | R80: =O80*C80 -> 1422.1745 | S80: =P80*C80 -> 3004.9091
B81: 100000000 | C81: =100000000/B81 -> 1 | D81: Test2 | F81: 62.705 | G81: =F81*C81 -> 62.705 | H81: 8.02 | I81: 36.63 | J81: 161 | K81: 502.8941 | L81: 2296.8842 | M81: 10095.505 | N81: 277.1561 | O81: 1859.8303 | P81: 3859.4927 | Q81: =N81*C81 -> 277.1561 | R81: =O81*C81 -> 1859.8303 | S81: =P81*C81 -> 3859.4927 | T81: =(G82-G81)/G81 -> -0.20982378 | U81: =(N82-N81)/N81 -> -0.22233788 | V81: =(O82-O81)/O81 -> -0.24445726 | W81: =(P82-P81)/P81 -> -0.23806728
B82: 100000000 | C82: =100000000/B82 -> 1 | E82: Nuitka | F82: 49.548 | G82: =F82*C82 -> 49.548 | H82: 7.95 | I82: 35.33 | J82: 158.8 | K82: 393.9066 | L82: 1750.5308 | M82: 7868.2224 | N82: 215.5338 | O82: 1405.1813 | P82: 2940.6738 | Q82: =N82*C82 -> 215.5338 | R82: =O82*C82 -> 1405.1813 | S82: =P82*C82 -> 2940.6738
A83: T40 | B83: 100000000 | C83: =100000000/B83 -> 1 | D83: Test1 | F83: 201.618 | G83: =F83*C83 -> 201.618 | H83: 6.73 | I83: 35.16 | J83: 156.56 | K83: 1356.8891 | L83: 7088.8889 | M83: 31565.314 | N83: 1054.4621 | O83: 6385.2421 | P83: 12280.552 | Q83: =N83*C83 -> 1054.4621 | R83: =O83*C83 -> 6385.2421 | S83: =P83*C83 -> 12280.552 | T83: =(G84-G83)/G83 -> -0.2324098 | U83: =(N84-N83)/N83 -> -0.26029549 | V83: =(O84-O83)/O83 -> -0.24889106 | W83: =(P84-P83)/P83 -> -0.24576797
B84: 100000000 | C84: =100000000/B84 -> 1 | E84: Nuitka | F84: 154.76 | G84: =F84*C84 -> 154.76 | H84: 6.54 | I84: 34.49 | J84: 155.5 | K84: 1012.1304 | L84: 5337.6724 | M84: 24065.18 | N84: 779.9904 | O84: 4796.0124 | P84: 9262.386 | Q84: =N84*C84 -> 779.9904 | R84: =O84*C84 -> 4796.0124 | S84: =P84*C84 -> 9262.386
B85: 100000000 | C85: =100000000/B85 -> 1 | D85: Test2 | F85: 132.365 | G85: =F85*C85 -> 132.365 | H85: 6.15 | I85: 33.55 | J85: 155.7 | K85: 814.04475 | L85: 4440.8457 | M85: 20609.231 | N85: 615.49725 | O85: 3978.8919 | P85: 7948.5183 | Q85: =N85*C85 -> 615.49725 | R85: =O85*C85 -> 3978.8919 | S85: =P85*C85 -> 7948.5183 | T85: =(G86-G85)/G85 -> 0.13419711 | U85: =(N86-N85)/N85 -> -0.036542243 | V85: =(O86-O85)/O85 -> 0.11269037 | W85: =(P86-P85)/P85 -> 0.14722951
B86: 100000000 | C86: =100000000/B86 -> 1 | E86: Nuitka | F86: 150.128 | G86: =F86*C86 -> 150.128 | H86: 5.45 | I86: 32.98 | J86: 156.39 | K86: 818.1976 | L86: 4951.2214 | M86: 23478.518 | N86: 593.0056 | O86: 4427.2747 | P86: 9118.7747 | Q86: =N86*C86 -> 593.0056 | R86: =O86*C86 -> 4427.2747 | S86: =P86*C86 -> 9118.7747
A87: T44 | B87: 100000000 | C87: =100000000/B87 -> 1 | D87: Test1 | F87: 6.003 | G87: =F87*C87 -> 6.003 | H87: 7.22 | I87: 33.15 | J87: 158.03 | K87: 43.34166 | L87: 198.99945 | M87: 948.65409 | N87: 22.2111 | O87: 167.60376 | P87: 351.29556 | Q87: =N87*C87 -> 22.2111 | R87: =O87*C87 -> 167.60376 | S87: =P87*C87 -> 351.29556 | T87: =(G88-G87)/G87 -> -0.56704981 | U87: =(N88-N87)/N87 -> -0.56119913 | V87: =(O88-O87)/O87 -> -0.62364967 | W87: =(P88-P87)/P87 -> -0.59139031
B88: 100000000 | C88: =100000000/B88 -> 1 | E88: Nuitka | F88: 2.599 | G88: =F88*C88 -> 2.599 | H88: 7.27 | I88: 29.5 | J88: 154.75 | K88: 18.89473 | L88: 76.6705 | M88: 402.19525 | N88: 9.74625 | O88: 63.07773 | P88: 143.54277 | Q88: =N88*C88 -> 9.74625 | R88: =O88*C88 -> 63.07773 | S88: =P88*C88 -> 143.54277
B89: 100000000 | C89: =100000000/B89 -> 1 | D89: Test2 | F89: 6.081 | G89: =F89*C89 -> 6.081 | H89: 7.67 | I89: 33.76 | J89: 159.71 | K89: 46.64127 | L89: 205.29456 | M89: 971.19651 | N89: 25.23615 | O89: 173.49093 | P89: 366.01539 | Q89: =N89*C89 -> 25.23615 | R89: =O89*C89 -> 173.49093 | S89: =P89*C89 -> 366.01539 | T89: =(G90-G89)/G89 -> -0.57654991 | U89: =(N90-N89)/N89 -> -0.5581834 | V89: =(O90-O89)/O89 -> -0.62760733 | W89: =(P90-P89)/P89 -> -0.61608786
B90: 100000000 | C90: =100000000/B90 -> 1 | E90: Nuitka | F90: 2.575 | G90: =F90*C90 -> 2.575 | H90: 7.85 | I90: 30.32 | J90: 154.09 | K90: 20.21375 | L90: 78.074 | M90: 396.78175 | N90: 11.14975 | O90: 64.60675 | P90: 140.51775 | Q90: =N90*C90 -> 11.14975 | R90: =O90*C90 -> 64.60675 | S90: =P90*C90 -> 140.51775
A91: T49 | B91: 100000000 | C91: =100000000/B91 -> 1 | D91: Test1 | F91: 91.29 | G91: =F91*C91 -> 91.29 | H91: 6.73 | I91: 35.53 | J91: 166.11 | K91: 614.3817 | L91: 3243.5337 | M91: 15164.182 | N91: 415.3695 | O91: 2766.9999 | P91: 5814.2601 | Q91: =N91*C91 -> 415.3695 | R91: =O91*C91 -> 2766.9999 | S91: =P91*C91 -> 5814.2601 | T91: =(G92-G91)/G91 -> -0.14480228 | U91: =(N92-N91)/N91 -> -0.13164539 | V91: =(O92-O91)/O91 -> -0.11404789 | W91: =(P92-P91)/P91 -> -0.097268915
B92: 100000000 | C92: =100000000/B92 -> 1 | E92: Nuitka | F92: 78.071 | G92: =F92*C92 -> 78.071 | H92: 6.8 | I92: 36.63 | J92: 169.65 | K92: 530.8828 | L92: 2859.7407 | M92: 13244.745 | N92: 360.68802 | O92: 2451.4294 | P92: 5248.7133 | Q92: =N92*C92 -> 360.68802 | R92: =O92*C92 -> 2451.4294 | S92: =P92*C92 -> 5248.7133
B93: 100000000 | C93: =100000000/B93 -> 1 | D93: Test2 | F93: 54.382 | G93: =F93*C93 -> 54.382 | H93: 7.83 | I93: 37.49 | J93: 169.15 | K93: 425.81106 | L93: 2038.7812 | M93: 9198.7153 | N93: 307.2583 | O93: 1754.3633 | P93: 3628.367 | Q93: =N93*C93 -> 307.2583 | R93: =O93*C93 -> 1754.3633 | S93: =P93*C93 -> 3628.367 | T93: =(G94-G93)/G93 -> -0.051745063 | U93: =(N94-N93)/N93 -> -0.058458372 | V93: =(O94-O93)/O93 -> -0.010299326 | W93: =(P94-P93)/P93 -> -0.027441766
B94: 100000000 | C94: =100000000/B94 -> 1 | E94: Nuitka | F94: 51.568 | G94: =F94*C94 -> 51.568 | H94: 7.79 | I94: 38.89 | J94: 170.86 | K94: 401.71472 | L94: 2005.4795 | M94: 8810.9085 | N94: 289.29648 | O94: 1736.2946 | P94: 3528.7982 | Q94: =N94*C94 -> 289.29648 | R94: =O94*C94 -> 1736.2946 | S94: =P94*C94 -> 3528.7982

Sheet Python Optimization results
B1: Standard | F1: Efficient
A2: Technique | B2: Interpreter (J) | C2: Nuitka (J) | D2: Impact (%) | E2: Effect size | F2: Interpreter (J) | G2: Nuitka (J) | H2: Impact (%) | I2: Effect size | J2: Average impact (%)
A3: T4 | B3: {=INDIRECT("'Python Impact of Optimization'!R" & 3 + (ROW(A1)-1)*4)} -> 2269.3058 | C3: {=INDIRECT("'Python Impact of Optimization'!R" & 4 + (ROW(A1)-1)*4)} -> 3211.5992 | D3: {=INDIRECT("'Python Impact of Optimization'!V" & 3 + (ROW(A1)-1)*4)*100} -> 41.523419 | E3: large | F3: {=INDIRECT("'Python Impact of Optimization'!R" & 5 + (ROW(A1)-1)*4)} -> 1173.4942 | G3: {=INDIRECT("'Python Impact of Optimization'!R" & 6 + (ROW(A1)-1)*4)} -> 1046.4519 | H3: {=INDIRECT("'Python Impact of Optimization'!V" & 5 + (ROW(D1)-1)*4)*100} -> -10.825987 | I3: large | J3: =AVERAGE(D3,H3) -> 15.348716 | N3: Standard | R3: Efficient
A4: T7 | B4: {=INDIRECT("'Python Impact of Optimization'!R" & 3 + (ROW(A2)-1)*4)} -> 698.87179 | C4: {=INDIRECT("'Python Impact of Optimization'!R" & 4 + (ROW(A2)-1)*4)} -> 566.016 | D4: {=INDIRECT("'Python Impact of Optimization'!V" & 3 + (ROW(A2)-1)*4)*100} -> -19.010038 | E4: large | F4: {=INDIRECT("'Python Impact of Optimization'!R" & 5 + (ROW(A2)-1)*4)} -> 430.57574 | G4: {=INDIRECT("'Python Impact of Optimization'!R" & 6 + (ROW(A2)-1)*4)} -> 324.34767 | H4: {=INDIRECT("'Python Impact of Optimization'!V" & 5 + (ROW(D2)-1)*4)*100} -> -24.671169 | I4: large | J4: =AVERAGE(D4,H4) -> -21.840603 | N4: Impact | O4: Techniques | R4: Impact | S4: Techniques
A5: T8 | B5: {=INDIRECT("'Python Impact of Optimization'!R" & 3 + (ROW(A3)-1)*4)} -> 711.11368 | C5: {=INDIRECT("'Python Impact of Optimization'!R" & 4 + (ROW(A3)-1)*4)} -> 519.14725 | D5: {=INDIRECT("'Python Impact of Optimization'!V" & 3 + (ROW(A3)-1)*4)*100} -> -26.995182 | E5: large | F5: {=INDIRECT("'Python Impact of Optimization'!R" & 5 + (ROW(A3)-1)*4)} -> 202.10806 | G5: {=INDIRECT("'Python Impact of Optimization'!R" & 6 + (ROW(A3)-1)*4)} -> 230.04453 | H5: {=INDIRECT("'Python Impact of Optimization'!V" & 5 + (ROW(D3)-1)*4)*100} -> 13.822541 | I5: large | J5: =AVERAGE(D5,H5) -> -6.5863202 | N5: <= -75 | O5: {=_xlfn.TEXTJOIN(", ", TRUE, IF(D3:D25 <= -75, A3:A25, ""))} | R5: <= -75 | S5: {=_xlfn.TEXTJOIN(", ", TRUE, IF(H3:H25 <= -75, A3:A25, ""))}
A6: T9 | B6: {=INDIRECT("'Python Impact of Optimization'!R" & 3 + (ROW(A4)-1)*4)} -> 165.47682 | C6: {=INDIRECT("'Python Impact of Optimization'!R" & 4 + (ROW(A4)-1)*4)} -> 70.29192 | D6: {=INDIRECT("'Python Impact of Optimization'!V" & 3 + (ROW(A4)-1)*4)*100} -> -57.521591 | E6: large | F6: {=INDIRECT("'Python Impact of Optimization'!R" & 5 + (ROW(A4)-1)*4)} -> 121.43306 | G6: {=INDIRECT("'Python Impact of Optimization'!R" & 6 + (ROW(A4)-1)*4)} -> 53.42843 | H6: {=INDIRECT("'Python Impact of Optimization'!V" & 5 + (ROW(D4)-1)*4)*100} -> -56.001743 | I6: large | J6: =AVERAGE(D6,H6) -> -56.761667 | N6: > -75 & <= -25 | O6: {=_xlfn.TEXTJOIN(", ", TRUE, IF((D3:D25 > -75) * (D3:D25 <= -25), A3:A25, ""))} -> T8, T9, T10, T11, T12, T16, T17, T29, T32, T33, T36, T44 | R6: > -75 & <= -25 | S6: {=_xlfn.TEXTJOIN(", ", TRUE, IF((H3:H25 > -75) * (H3:H25 <= -25), A3:A25, ""))} -> T9, T10, T12, T16, T17, T29, T32, T33, T44
A7: T10 | B7: {=INDIRECT("'Python Impact of Optimization'!R" & 3 + (ROW(A5)-1)*4)} -> 730.37195 | C7: {=INDIRECT("'Python Impact of Optimization'!R" & 4 + (ROW(A5)-1)*4)} -> 389.3328 | D7: {=INDIRECT("'Python Impact of Optimization'!V" & 3 + (ROW(A5)-1)*4)*100} -> -46.6939 | E7: large | F7: {=INDIRECT("'Python Impact of Optimization'!R" & 5 + (ROW(A5)-1)*4)} -> 338.3783 | G7: {=INDIRECT("'Python Impact of Optimization'!R" & 6 + (ROW(A5)-1)*4)} -> 120.53296 | H7: {=INDIRECT("'Python Impact of Optimization'!V" & 5 + (ROW(D5)-1)*4)*100} -> -64.379229 | I7: large | J7: =AVERAGE(D7,H7) -> -55.536565 | N7: > -25 & <= -3 | O7: {=_xlfn.TEXTJOIN(", ", TRUE, IF((D3:D25 > -25) * (D3:D25 <= -3), A3:A25, ""))} -> T7, T13, T20, T25, T26, T28, T40, T49 | R7: > -25 & <= -3 | S7: {=_xlfn.TEXTJOIN(", ", TRUE, IF((H3:H25 > -25) * (H3:H25 <= -3), A3:A25, ""))} -> T4, T7, T11, T19, T25, T28, T36
A8: T11 | B8: {=INDIRECT("'Python Impact of Optimization'!R" & 3 + (ROW(A6)-1)*4)} -> 1349.4572 | C8: {=INDIRECT("'Python Impact of Optimization'!R" & 4 + (ROW(A6)-1)*4)} -> 850.82883 | D8: {=INDIRECT("'Python Impact of Optimization'!V" & 3 + (ROW(A6)-1)*4)*100} -> -36.950293 | E8: large | F8: {=INDIRECT("'Python Impact of Optimization'!R" & 5 + (ROW(A6)-1)*4)} -> 889.1224 | G8: {=INDIRECT("'Python Impact of Optimization'!R" & 6 + (ROW(A6)-1)*4)} -> 768.91768 | H8: {=INDIRECT("'Python Impact of Optimization'!V" & 5 + (ROW(D6)-1)*4)*100} -> -13.519479 | I8: large | J8: =AVERAGE(D8,H8) -> -25.234886 | N8: > -3 & < 3 | O8: {=_xlfn.TEXTJOIN(", ", TRUE, IF((D3:D25 > -3) * (D3:D25 < 3), A3:A25, ""))} -> T19 | R8: > -3 & < 3 | S8: {=_xlfn.TEXTJOIN(", ", TRUE, IF((H3:H25 > -3) * (H3:H25 < 3), A3:A25, ""))} -> T13, T26, T49
A9: T12 | B9: {=INDIRECT("'Python Impact of Optimization'!R" & 3 + (ROW(A7)-1)*4)} -> 258.2768 | C9: {=INDIRECT("'Python Impact of Optimization'!R" & 4 + (ROW(A7)-1)*4)} -> 133.26984 | D9: {=INDIRECT("'Python Impact of Optimization'!V" & 3 + (ROW(A7)-1)*4)*100} -> -48.400383 | E9: large | F9: {=INDIRECT("'Python Impact of Optimization'!R" & 5 + (ROW(A7)-1)*4)} -> 203.25777 | G9: {=INDIRECT("'Python Impact of Optimization'!R" & 6 + (ROW(A7)-1)*4)} -> 107.12832 | H9: {=INDIRECT("'Python Impact of Optimization'!V" & 5 + (ROW(D7)-1)*4)*100} -> -47.294354 | I9: large | J9: =AVERAGE(D9,H9) -> -47.847369 | N9: >= 3 & < 25 | O9: {=_xlfn.TEXTJOIN(", ", TRUE, IF((D3:D25 >= 3) * (D3:D25 < 25), A3:A25, ""))} | R9: >= 3 & < 25 | S9: {=_xlfn.TEXTJOIN(", ", TRUE, IF((H3:H25 >= 3) * (H3:H25 < 25), A3:A25, ""))} -> T8, T20, T40
A10: T13 | B10: {=INDIRECT("'Python Impact of Optimization'!R" & 3 + (ROW(A8)-1)*4)} -> 7426.7919 | C10: {=INDIRECT("'Python Impact of Optimization'!R" & 4 + (ROW(A8)-1)*4)} -> 6789.3169 | D10: {=INDIRECT("'Python Impact of Optimization'!V" & 3 + (ROW(A8)-1)*4)*100} -> -8.58345 | E10: large | F10: {=INDIRECT("'Python Impact of Optimization'!R" & 5 + (ROW(A8)-1)*4)} -> 6791.7929 | G10: {=INDIRECT("'Python Impact of Optimization'!R" & 6 + (ROW(A8)-1)*4)} -> 6785.6584 | H10: {=INDIRECT("'Python Impact of Optimization'!V" & 5 + (ROW(D8)-1)*4)*100} -> -0.090322542 | I10: large | J10: =AVERAGE(D10,H10) -> -4.3368863 | N10: >= 25 & < 75 | O10: {=_xlfn.TEXTJOIN(", ", TRUE, IF((D3:D25 >= 25) * (D3:D25 < 75), A3:A25, ""))} -> T4 | R10: >= 25 & < 75 | S10: {=_xlfn.TEXTJOIN(", ", TRUE, IF((H3:H25 >= 25) * (H3:H25 < 75), A3:A25, ""))} -> T31
A11: T16 | B11: {=INDIRECT("'Python Impact of Optimization'!R" & 3 + (ROW(A9)-1)*4)} -> 234.8622 | C11: {=INDIRECT("'Python Impact of Optimization'!R" & 4 + (ROW(A9)-1)*4)} -> 116.56938 | D11: {=INDIRECT("'Python Impact of Optimization'!V" & 3 + (ROW(A9)-1)*4)*100} -> -50.366905 | E11: large | F11: {=INDIRECT("'Python Impact of Optimization'!R" & 5 + (ROW(A9)-1)*4)} -> 209.66653 | G11: {=INDIRECT("'Python Impact of Optimization'!R" & 6 + (ROW(A9)-1)*4)} -> 112.74291 | H11: {=INDIRECT("'Python Impact of Optimization'!V" & 5 + (ROW(D9)-1)*4)*100} -> -46.227512 | I11: large | J11: =AVERAGE(D11,H11) -> -48.297208 | N11: >= 75 | O11: {=_xlfn.TEXTJOIN(", ", TRUE, IF(D3:D25 >= 75, A3:A25, ""))} -> T31 | R11: >= 75 | S11: {=_xlfn.TEXTJOIN(", ", TRUE, IF(H3:H25 >= 75, A3:A25, ""))}
A12: T17 | B12: {=INDIRECT("'Python Impact of Optimization'!R" & 3 + (ROW(A10)-1)*4)} -> 209.65887 | C12: {=INDIRECT("'Python Impact of Optimization'!R" & 4 + (ROW(A10)-1)*4)} -> 110.22888 | D12: {=INDIRECT("'Python Impact of Optimization'!V" & 3 + (ROW(A10)-1)*4)*100} -> -47.424652 | E12: large | F12: {=INDIRECT("'Python Impact of Optimization'!R" & 5 + (ROW(A10)-1)*4)} -> 228.5289 | G12: {=INDIRECT("'Python Impact of Optimization'!R" & 6 + (ROW(A10)-1)*4)} -> 134.85285 | H12: {=INDIRECT("'Python Impact of Optimization'!V" & 5 + (ROW(D10)-1)*4)*100} -> -40.990899 | I12: large | J12: =AVERAGE(D12,H12) -> -44.207775
A13: T19 | B13: {=INDIRECT("'Python Impact of Optimization'!R" & 3 + (ROW(A11)-1)*4)} -> 2844.1767 | C13: {=INDIRECT("'Python Impact of Optimization'!R" & 4 + (ROW(A11)-1)*4)} -> 2814.1991 | D13: {=INDIRECT("'Python Impact of Optimization'!V" & 3 + (ROW(A11)-1)*4)*100} -> -1.0539982 | E13: large | F13: {=INDIRECT("'Python Impact of Optimization'!R" & 5 + (ROW(A11)-1)*4)} -> 2847.2997 | G13: {=INDIRECT("'Python Impact of Optimization'!R" & 6 + (ROW(A11)-1)*4)} -> 2697.599 | H13: {=INDIRECT("'Python Impact of Optimization'!V" & 5 + (ROW(D11)-1)*4)*100} -> -5.2576379 | I13: large | J13: =AVERAGE(D13,H13) -> -3.155818
A14: T20 | B14: {=INDIRECT("'Python Impact of Optimization'!R" & 3 + (ROW(A12)-1)*4)} -> 2240.9828 | C14: {=INDIRECT("'Python Impact of Optimization'!R" & 4 + (ROW(A12)-1)*4)} -> 2010.826 | D14: {=INDIRECT("'Python Impact of Optimization'!V" & 3 + (ROW(A12)-1)*4)*100} -> -10.270351 | E14: medium | F14: {=INDIRECT("'Python Impact of Optimization'!R" & 5 + (ROW(A12)-1)*4)} -> 1987.6289 | G14: {=INDIRECT("'Python Impact of Optimization'!R" & 6 + (ROW(A12)-1)*4)} -> 2245.8346 | H14: {=INDIRECT("'Python Impact of Optimization'!V" & 5 + (ROW(D12)-1)*4)*100} -> 12.990642 | I14: large | J14: =AVERAGE(D14,H14) -> 1.3601458
A15: T25 | B15: {=INDIRECT("'Python Impact of Optimization'!R" & 3 + (ROW(A13)-1)*4)} -> 5165.2541 | C15: {=INDIRECT("'Python Impact of Optimization'!R" & 4 + (ROW(A13)-1)*4)} -> 4850.7818 | D15: {=INDIRECT("'Python Impact of Optimization'!V" & 3 + (ROW(A13)-1)*4)*100} -> -6.088224 | E15: large | F15: {=INDIRECT("'Python Impact of Optimization'!R" & 5 + (ROW(A13)-1)*4)} -> 5583.1193 | G15: {=INDIRECT("'Python Impact of Optimization'!R" & 6 + (ROW(A13)-1)*4)} -> 5041.5453 | H15: {=INDIRECT("'Python Impact of Optimization'!V" & 5 + (ROW(D13)-1)*4)*100} -> -9.7002043 | I15: large | J15: =AVERAGE(D15,H15) -> -7.8942142
A16: T26 | B16: {=INDIRECT("'Python Impact of Optimization'!R" & 3 + (ROW(A14)-1)*4)} -> 5131.9296 | C16: {=INDIRECT("'Python Impact of Optimization'!R" & 4 + (ROW(A14)-1)*4)} -> 4649.9213 | D16: {=INDIRECT("'Python Impact of Optimization'!V" & 3 + (ROW(A14)-1)*4)*100} -> -9.3923408 | E16: large | F16: {=INDIRECT("'Python Impact of Optimization'!R" & 5 + (ROW(A14)-1)*4)} -> 3838.5432 | G16: {=INDIRECT("'Python Impact of Optimization'!R" & 6 + (ROW(A14)-1)*4)} -> 3779.2564 | H16: {=INDIRECT("'Python Impact of Optimization'!V" & 5 + (ROW(D14)-1)*4)*100} -> -1.5445151 | I16: large | J16: =AVERAGE(D16,H16) -> -5.468428
A17: T28 | B17: {=INDIRECT("'Python Impact of Optimization'!R" & 3 + (ROW(A15)-1)*4)} -> 4722.2324 | C17: {=INDIRECT("'Python Impact of Optimization'!R" & 4 + (ROW(A15)-1)*4)} -> 4485.3674 | D17: {=INDIRECT("'Python Impact of Optimization'!V" & 3 + (ROW(A15)-1)*4)*100} -> -5.0159537 | E17: large | F17: {=INDIRECT("'Python Impact of Optimization'!R" & 5 + (ROW(A15)-1)*4)} -> 5460.342 | G17: {=INDIRECT("'Python Impact of Optimization'!R" & 6 + (ROW(A15)-1)*4)} -> 4972.1571 | H17: {=INDIRECT("'Python Impact of Optimization'!V" & 5 + (ROW(D15)-1)*4)*100} -> -8.9405551 | I17: medium | J17: =AVERAGE(D17,H17) -> -6.9782544
A18: T29 | B18: {=INDIRECT("'Python Impact of Optimization'!R" & 3 + (ROW(A16)-1)*4)} -> 143.29453 | C18: {=INDIRECT("'Python Impact of Optimization'!R" & 4 + (ROW(A16)-1)*4)} -> 74.31002 | D18: {=INDIRECT("'Python Impact of Optimization'!V" & 3 + (ROW(A16)-1)*4)*100} -> -48.141761 | E18: medium | F18: {=INDIRECT("'Python Impact of Optimization'!R" & 5 + (ROW(A16)-1)*4)} -> 141.31505 | G18: {=INDIRECT("'Python Impact of Optimization'!R" & 6 + (ROW(A16)-1)*4)} -> 91.63483 | H18: {=INDIRECT("'Python Impact of Optimization'!V" & 5 + (ROW(D16)-1)*4)*100} -> -35.155647 | I18: large | J18: =AVERAGE(D18,H18) -> -41.648704
A19: T31 | B19: {=INDIRECT("'Python Impact of Optimization'!R" & 3 + (ROW(A17)-1)*4)} -> 3298.2046 | C19: {=INDIRECT("'Python Impact of Optimization'!R" & 4 + (ROW(A17)-1)*4)} -> 8865.6993 | D19: {=INDIRECT("'Python Impact of Optimization'!V" & 3 + (ROW(A17)-1)*4)*100} -> 168.8038 | E19: large | F19: {=INDIRECT("'Python Impact of Optimization'!R" & 5 + (ROW(A17)-1)*4)} -> 7066.2501 | G19: {=INDIRECT("'Python Impact of Optimization'!R" & 6 + (ROW(A17)-1)*4)} -> 9604.725 | H19: {=INDIRECT("'Python Impact of Optimization'!V" & 5 + (ROW(D17)-1)*4)*100} -> 35.923933 | I19: large | J19: =AVERAGE(D19,H19) -> 102.36386
A20: T32 | B20: {=INDIRECT("'Python Impact of Optimization'!R" & 3 + (ROW(A18)-1)*4)} -> 268.81943 | C20: {=INDIRECT("'Python Impact of Optimization'!R" & 4 + (ROW(A18)-1)*4)} -> 108.33652 | D20: {=INDIRECT("'Python Impact of Optimization'!V" & 3 + (ROW(A18)-1)*4)*100} -> -59.699148 | E20: large | F20: {=INDIRECT("'Python Impact of Optimization'!R" & 5 + (ROW(A18)-1)*4)} -> 229.88499 | G20: {=INDIRECT("'Python Impact of Optimization'!R" & 6 + (ROW(A18)-1)*4)} -> 135.40288 | H20: {=INDIRECT("'Python Impact of Optimization'!V" & 5 + (ROW(D18)-1)*4)*100} -> -41.09973 | I20: large | J20: =AVERAGE(D20,H20) -> -50.399439
A21: T33 | B21: {=INDIRECT("'Python Impact of Optimization'!R" & 3 + (ROW(A19)-1)*4)} -> 299.62704 | C21: {=INDIRECT("'Python Impact of Optimization'!R" & 4 + (ROW(A19)-1)*4)} -> 161.1015 | D21: {=INDIRECT("'Python Impact of Optimization'!V" & 3 + (ROW(A19)-1)*4)*100} -> -46.232656 | E21: large | F21: {=INDIRECT("'Python Impact of Optimization'!R" & 5 + (ROW(A19)-1)*4)} -> 283.73787 | G21: {=INDIRECT("'Python Impact of Optimization'!R" & 6 + (ROW(A19)-1)*4)} -> 155.00062 | H21: {=INDIRECT("'Python Impact of Optimization'!V" & 5 + (ROW(D19)-1)*4)*100} -> -45.371896 | I21: large | J21: =AVERAGE(D21,H21) -> -45.802276
A22: T36 | B22: {=INDIRECT("'Python Impact of Optimization'!R" & 3 + (ROW(A20)-1)*4)} -> 2177.117 | C22: {=INDIRECT("'Python Impact of Optimization'!R" & 4 + (ROW(A20)-1)*4)} -> 1422.1745 | D22: {=INDIRECT("'Python Impact of Optimization'!V" & 3 + (ROW(A20)-1)*4)*100} -> -34.67625 | E22: large | F22: {=INDIRECT("'Python Impact of Optimization'!R" & 5 + (ROW(A20)-1)*4)} -> 1859.8303 | G22: {=INDIRECT("'Python Impact of Optimization'!R" & 6 + (ROW(A20)-1)*4)} -> 1405.1813 | H22: {=INDIRECT("'Python Impact of Optimization'!V" & 5 + (ROW(D20)-1)*4)*100} -> -24.445726 | I22: large | J22: =AVERAGE(D22,H22) -> -29.560988
A23: T40 | B23: {=INDIRECT("'Python Impact of Optimization'!R" & 3 + (ROW(A21)-1)*4)} -> 6385.2421 | C23: {=INDIRECT("'Python Impact of Optimization'!R" & 4 + (ROW(A21)-1)*4)} -> 4796.0124 | D23: {=INDIRECT("'Python Impact of Optimization'!V" & 3 + (ROW(A21)-1)*4)*100} -> -24.889106 | E23: large | F23: {=INDIRECT("'Python Impact of Optimization'!R" & 5 + (ROW(A21)-1)*4)} -> 3978.8919 | G23: {=INDIRECT("'Python Impact of Optimization'!R" & 6 + (ROW(A21)-1)*4)} -> 4427.2747 | H23: {=INDIRECT("'Python Impact of Optimization'!V" & 5 + (ROW(D21)-1)*4)*100} -> 11.269037 | I23: large | J23: =AVERAGE(D23,H23) -> -6.8100342
... A25: T49 | B25: {=INDIRECT("'Python Impact of Optimization'!R" & 3 + (ROW(A23)-1)*4)} -> 2766.9999 | C25: {=INDIRECT("'Python Impact of Optimization'!R" & 4 + (ROW(A23)-1)*4)} -> 2451.4294 | D25: {=INDIRECT("'Python Impact of Optimization'!V" & 3 + (ROW(A23)-1)*4)*100} -> -11.404789 | E25: large | F25: {=INDIRECT("'Python Impact of Optimization'!R" & 5 + (ROW(A23)-1)*4)} -> 1754.3633 | G25: {=INDIRECT("'Python Impact of Optimization'!R" & 6 + (ROW(A23)-1)*4)} -> 1736.2946 | H25: {=INDIRECT("'Python Impact of Optimization'!V" & 5 + (ROW(D23)-1)*4)*100} -> -1.0299326 | I25: large | J25: =AVERAGE(D25,H25) -> -6.2173608
D32: Standard | I32: Efficient
D33: Impact | E33: Average | F33: Min | G33: Max | I33: Impact | J33: Average | K33: Min | L33: Max
D34: Reduction | E34: {=AVERAGE(_xlfn._xlws.FILTER($D$3:$D$25, ISNUMBER(MATCH($A$3:$A$25, _xlfn.TEXTSPLIT(_xlfn.TEXTJOIN(", ", TRUE, O5:O7), ", "), 0))))} -> -33.006097 | F34: {=MIN(_xlfn._xlws.FILTER($D$3:$D$25, ISNUMBER(MATCH($A$3:$A$25, _xlfn.TEXTSPLIT(_xlfn.TEXTJOIN(", ", TRUE, O5:O7), ", "), 0))))} -> -62.364967 | G34: {=MAX(_xlfn._xlws.FILTER($D$3:$D$25, ISNUMBER(MATCH($A$3:$A$25, _xlfn.TEXTSPLIT(_xlfn.TEXTJOIN(", ", TRUE, O5:O7), ", "), 0))))} -> -5.0159537 | I34: Reduction | J34: {=AVERAGE(_xlfn._xlws.FILTER($H$3:$H$25, ISNUMBER(MATCH($A$3:$A$25, _xlfn.TEXTSPLIT(_xlfn.TEXTJOIN(", ", TRUE, S5:S7), ", "), 0))))} -> -33.540156 | K34: {=MIN(_xlfn._xlws.FILTER($H$3:$H$25, ISNUMBER(MATCH($A$3:$A$25, _xlfn.TEXTSPLIT(_xlfn.TEXTJOIN(", ", TRUE, S5:S7), ", "), 0))))} -> -64.379229 | L34: {=MAX(_xlfn._xlws.FILTER($H$3:$H$25, ISNUMBER(MATCH($A$3:$A$25, _xlfn.TEXTSPLIT(_xlfn.TEXTJOIN(", ", TRUE, S5:S7), ", "), 0))))} -> -5.2576379
D35: No impact | E35: {=AVERAGE(_xlfn._xlws.FILTER($D$3:$D$25, ISNUMBER(MATCH($A$3:$A$25, _xlfn.TEXTSPLIT(_xlfn.TEXTJOIN(", ", TRUE, O8), ", "), 0))))} -> -1.0539982 | F35: {=MIN(_xlfn._xlws.FILTER($D$3:$D$25, ISNUMBER(MATCH($A$3:$A$25, _xlfn.TEXTSPLIT(_xlfn.TEXTJOIN(", ", TRUE, O8), ", "), 0))))} -> -1.0539982 | G35: {=MAX(_xlfn._xlws.FILTER($D$3:$D$25, ISNUMBER(MATCH($A$3:$A$25, _xlfn.TEXTSPLIT(_xlfn.TEXTJOIN(", ", TRUE, O8), ", "), 0))))} -> -1.0539982 | I35: No impact | J35: {=AVERAGE(_xlfn._xlws.FILTER($H$3:$H$25, ISNUMBER(MATCH($A$3:$A$25, _xlfn.TEXTSPLIT(_xlfn.TEXTJOIN(", ", TRUE, S8), ", "), 0))))} -> -0.88825675 | K35: {=MIN(_xlfn._xlws.FILTER($H$3:$H$25, ISNUMBER(MATCH($A$3:$A$25, _xlfn.TEXTSPLIT(_xlfn.TEXTJOIN(", ", TRUE, S8), ", "), 0))))} -> -1.5445151 | L35: {=MAX(_xlfn._xlws.FILTER($H$3:$H$25, ISNUMBER(MATCH($A$3:$A$25, _xlfn.TEXTSPLIT(_xlfn.TEXTJOIN(", ", TRUE, S8), ", "), 0))))} -> -0.090322542
D36: Increase | E36: {=AVERAGE(_xlfn._xlws.FILTER($D$3:$D$25, ISNUMBER(MATCH($A$3:$A$25, _xlfn.TEXTSPLIT(_xlfn.TEXTJOIN(", ", TRUE, O9:O11), ", "), 0))))} -> 105.16361 | F36: {=MIN(_xlfn._xlws.FILTER($D$3:$D$25, ISNUMBER(MATCH($A$3:$A$25, _xlfn.TEXTSPLIT(_xlfn.TEXTJOIN(", ", TRUE, O9:O11), ", "), 0))))} -> 41.523419 | G36: {=MAX(_xlfn._xlws.FILTER($D$3:$D$25, ISNUMBER(MATCH($A$3:$A$25, _xlfn.TEXTSPLIT(_xlfn.TEXTJOIN(", ", TRUE, O9:O11), ", "), 0))))} -> 168.8038 | I36: Increase | J36: {=AVERAGE(_xlfn._xlws.FILTER($H$3:$H$25, ISNUMBER(MATCH($A$3:$A$25, _xlfn.TEXTSPLIT(_xlfn.TEXTJOIN(", ", TRUE, S9:S11), ", "), 0))))} -> 18.501538 | K36: {=MIN(_xlfn._xlws.FILTER($H$3:$H$25, ISNUMBER(MATCH($A$3:$A$25, _xlfn.TEXTSPLIT(_xlfn.TEXTJOIN(", ", TRUE, S9:S11), ", "), 0))))} -> 11.269037 | L36: {=MAX(_xlfn._xlws.FILTER($H$3:$H$25, ISNUMBER(MATCH($A$3:$A$25, _xlfn.TEXTSPLIT(_xlfn.TEXTJOIN(", ", TRUE, S9:S11), ", "), 0))))} -> 35.923933

Sheet Stats
A2: C Impact of techniques on energy
A3: Reduces | B3: =COUNTIFS('C Impact of Technique'!$Q$3:$Q$94,"<=-0.03") -> 27
A4: No notable difference | B4: =COUNTIFS('C Impact of Technique'!$Q$3:$Q$94,">-0.03",'C Impact of Technique'!$Q$3:$Q$94,"<0.03") -> 3
A5: Increases | B5: =COUNTIFS('C Impact of Technique'!$Q$3:$Q$94,">=0.03") -> 16
A6: Total | B6: =SUM(B3:B5) -> 46
A9: C Impact of techniques on energy O0
A10: Reduces | B10: =COUNTIFS('C Impact of Technique'!$Q$3:$Q$94,"<=-0.03",'C Impact of Technique'!$B$3:$B$94,"O0") -> 15
A11: No notable difference | B11: =COUNTIFS('C Impact of Technique'!$Q$3:$Q$94,">-0.03",'C Impact of Technique'!$Q$3:$Q$94,"<0.03",'C Impact of Technique'!$B$3:$B$94,"O0") -> 2
A12: Increases | B12: =COUNTIFS('C Impact of Technique'!$Q$3:$Q$94,">=0.03",'C Impact of Technique'!$B$3:$B$94,"O0") -> 6
A13: Total | B13: =SUM(B10:B12) -> 23
A16: C Impact of techniques on energy O3
A17: Reduces | B17: =COUNTIFS('C Impact of Technique'!$Q$3:$Q$94,"<=-0.03",'C Impact of Technique'!$B$3:$B$94,"O3") -> 12
A18: No notable difference | B18: =COUNTIFS('C Impact of Technique'!$Q$3:$Q$94,">-0.03",'C Impact of Technique'!$Q$3:$Q$94,"<0.03",'C Impact of Technique'!$B$3:$B$94,"O3") -> 1
A19: Increases | B19: =COUNTIFS('C Impact of Technique'!$Q$3:$Q$94,">=0.03",'C Impact of Technique'!$B$3:$B$94,"O3") -> 10
A20: Total | B20: =SUM(B17:B19) -> 23
A23: Python Impact of techniques on energy
A24: Reduces | B24: =COUNTIFS('Python Impact of Technique'!$V$3:$V$94,"<=-0.03") -> 28
A25: No notable difference | B25: =COUNTIFS('Python Impact of Technique'!$V$3:$V$94,">-0.03",'Python Impact of Technique'!$V$3:$V$94,"<0.03") -> 7
A26: Increases | B26: =COUNTIFS('Python Impact of Technique'!$V$3:$V$94,">=0.03") -> 11
A27: Total | B27: =SUM(B24:B26) -> 46
A30: C Impact of techniques on energy Interpreter
A31: Reduces | B31: =COUNTIFS('Python Impact of Technique'!$V$3:$V$94,"<=-0.03",'Python Impact of Technique'!$D$3:$D$94,"Interpreter") -> 16
A32: No notable difference | B32: =COUNTIFS('Python Impact of Technique'!$V$3:$V$94,">-0.03",'Python Impact of Technique'!$V$3:$V$94,"<0.03",'Python Impact of Technique'!$D$3:$D$94,"Interpreter") -> 3
A33: Increases | B33: =COUNTIFS('Python Impact of Technique'!$V$3:$V$94,">=0.03",'Python Impact of Technique'!$D$3:$D$94,"Interpreter") -> 4
A34: Total | B34: =SUM(B31:B33) -> 23
A37: C Impact of techniques on energy Nuitka
A38: Reduces | B38: =COUNTIFS('Python Impact of Technique'!$V$3:$V$94,"<=-0.03",'Python Impact of Technique'!$D$3:$D$94,"Nuitka") -> 12
A39: No notable difference | B39: =COUNTIFS('Python Impact of Technique'!$V$3:$V$94,">-0.03",'Python Impact of Technique'!$V$3:$V$94,"<0.03",'Python Impact of Technique'!$D$3:$D$94,"Nuitka") -> 4
A40: Increases | B40: =COUNTIFS('Python Impact of Technique'!$V$3:$V$101,">=0.03",'Python Impact of Technique'!$D$3:$D$101,"Nuitka") -> 7
A41: Total | B41: =SUM(B38:B40) -> 23
A44: Impact of techniques
A45: Reduces | B45: =B3+B24 -> 55
A46: No notable difference | B46: =B4+B25 -> 10
A47: Increases | B47: =B5+B26 -> 27
A48: Total | B48: =SUM(B45:B47) -> 92

Sheet Technique results
B1: C | D1: Python
B2: O0 | C2: O3 | D2: Interpreter | E2: Nuitka
A3: Technique | B3: Impact (%) | C3: Impact (%) | D3: Impact (%) | E3: Impact (%) | F3: Average impact (%) C | G3: Average impact (%) Python | H3: Global impact (%)
A4: T4 | B4: -35.735641 | C4: -82.03643 | D4: -50.241612 | E4: -67.469296 | F4: =AVERAGE(B4:C4) -> -58.886036 | G4: =AVERAGE(D4:E4) -> -58.855454 | H4: =AVERAGE(B4:E4) -> -58.870745
A5: T5 | B5: 20.966424 | C5: -12.440571 | D5: -15.474763 | E5: -8.4182753 | F5: =AVERAGE(B5:C5) -> 4.2629269 | G5: =AVERAGE(D5:E5) -> -11.946519 | H5: =AVERAGE(B5:E5) -> -3.8417962
A6: T7 | B6: -57.028557 | C6: -54.970204 | D6: -32.058374 | E6: -42.716816 | F6: =AVERAGE(B6:C6) -> -55.99938 | G6: =AVERAGE(D6:E6) -> -37.387595 | H6: =AVERAGE(B6:E6) -> -46.693488
A7: T8 | B7: 18.5565 | C7: -79.879632 | D7: -70.722544 | E7: -53.54197 | F7: =AVERAGE(B7:C7) -> -30.661566 | G7: =AVERAGE(D7:E7) -> -62.132257 | H7: =AVERAGE(B7:E7) -> -46.396912
A8: T9 | B8: -11.428571 | C8: -3.0946806 | D8: -23.922621 | E8: -19.14128 | F8: =AVERAGE(B8:C8) -> -7.261626 | G8: =AVERAGE(D8:E8) -> -21.531951 | H8: =AVERAGE(B8:E8) -> -14.396788
A9: T10 | B9: -99.694507 | C9: -99.870452 | D9: -54.492802 | E9: -68.831791 | F9: =AVERAGE(B9:C9) -> -99.78248 | G9: =AVERAGE(D9:E9) -> -61.662296 | H9: =AVERAGE(B9:E9) -> -80.722388
A10: T11 | B10: -4.8597209 | C10: -27.457627 | D10: -32.034756 | E10: 7.1234226 | F10: =AVERAGE(B10:C10) -> -16.158674 | G10: =AVERAGE(D10:E10) -> -12.455667 | H10: =AVERAGE(B10:E10) -> -14.30717
A11: T12 | B11: -20.516244 | C11: 7.5549814 | D11: -19.626641 | E11: -14.237655 | F11: =AVERAGE(B11:C11) -> -6.4806313 | G11: =AVERAGE(D11:E11) -> -16.932148 | H11: =AVERAGE(B11:E11) -> -11.706389
A12: T13 | B12: -0.51705974 | C12: -11.118733 | D12: -6.6109881 | E12: 0.36899222 | F12: =AVERAGE(B12:C12) -> -5.8178966 | G12: =AVERAGE(D12:E12) -> -3.120998 | H12: =AVERAGE(B12:E12) -> -4.4694473
A13: T16 | B13: -9.4946401 | C13: 2.7830647 | D13: -12.145963 | E13: -5.4339368 | F13: =AVERAGE(B13:C13) -> -3.3557877 | G13: =AVERAGE(D13:E13) -> -8.7899499 | H13: =AVERAGE(B13:E13) -> -6.0728688
A14: T17 | B14: 5.5717858 | C14: -13.927602 | D14: 6.2854586 | E14: 22.266985 | F14: =AVERAGE(B14:C14) -> -4.1779079 | G14: =AVERAGE(D14:E14) -> 14.276222 | H14: =AVERAGE(B14:E14) -> 5.0491569
A15: T19 | B15: 31.720601 | C15: 8.88755 | D15: -0.97156496 | E15: -3.2557547 | F15: =AVERAGE(B15:C15) -> 20.304076 | G15: =AVERAGE(D15:E15) -> -2.1136598 | H15: =AVERAGE(B15:E15) -> 9.0952079
... A29: T51 | B29: -4.5517248 | C29: -15.999163 | D29: 3.0500236 | E29: 6.1824943 | F29: =AVERAGE(B29:C29) -> -10.275444 | G29: =AVERAGE(D29:E29) -> 4.6162589 | H29: =AVERAGE(B29:E29) -> -2.8295925
A32: Technique | B32: Impact (%) | C32: Impact (%)2 | D32: Impact (%)3 | E32: Impact (%)4 | F32: Average impact (%) C | G32: Average impact (%) Python | H32: Global impact (%) | I32: (1) data/memory structure | J32: (2) algorithm implementation | K32: (4) arithmetic/logic operations | L32: (4) loops
A33: T10 | B33: -99.694507 | C33: -99.870452 | D33: -54.492802 | E33: -68.831791 | F33: =AVERAGE(B33:C33) -> -99.78248 | G33: =AVERAGE(D33:E33) -> -61.662296 | H33: =AVERAGE(B33:E33) -> -80.722388 | J33: x | L33: x
A34: T8 | B34: 18.5565 | C34: -79.879632 | D34: -70.722544 | E34: -53.54197 | F34: =AVERAGE(B34:C34) -> -30.661566 | G34: =AVERAGE(D34:E34) -> -62.132257 | H34: =AVERAGE(B34:E34) -> -46.396912 | I34: x | J34: x
A35: T4 | B35: -35.735641 | C35: -82.03643 | D35: -50.241612 | E35: -67.469296 | F35: =AVERAGE(B35:C35) -> -58.886036 | G35: =AVERAGE(D35:E35) -> -58.855454 | H35: =AVERAGE(B35:E35) -> -58.870745 | L35: x
A36: T40 | B36: -13.191579 | C36: -80.223986 | D36: -35.275564 | E36: -1.5504782 | F36: =AVERAGE(B36:C36) -> -46.707783 | G36: =AVERAGE(D36:E36) -> -18.413021 | H36: =AVERAGE(B36:E36) -> -32.560402 | L36: x
A37: T7 | B37: -57.028557 | C37: -54.970204 | D37: -32.058374 | E37: -42.716816 | F37: =AVERAGE(B37:C37) -> -55.99938 | G37: =AVERAGE(D37:E37) -> -37.387595 | H37: =AVERAGE(B37:E37) -> -46.693488 | I37: x | J37: x
A38: T11 | B38: -4.8597209 | C38: -27.457627 | D38: -32.034756 | E38: 7.1234226 | F38: =AVERAGE(B38:C38) -> -16.158674 | G38: =AVERAGE(D38:E38) -> -12.455667 | H38: =AVERAGE(B38:E38) -> -14.30717 | I38: x | L38: x
A39: T26 | B39: -0.17318276 | C39: -89.011497 | D39: -28.197224 | E39: -16.40032 | F39: =AVERAGE(B39:C39) -> -44.59234 | G39: =AVERAGE(D39:E39) -> -22.298772 | H39: =AVERAGE(B39:E39) -> -33.445556 | J39: x | L39: x
A40: T50 | B40: -48.9133 | C40: 2.3101483 | D40: -11.485737 | E40: -16.205673 | F40: =AVERAGE(B40:C40) -> -23.301576 | G40: =AVERAGE(D40:E40) -> -13.845705 | H40: =AVERAGE(B40:E40) -> -18.573641 | J40: x
A41: T13 | B41: -0.51705974 | C41: -11.118733 | D41: -6.6109881 | E41: 0.36899222 | F41: =AVERAGE(B41:C41) -> -5.8178966 | G41: =AVERAGE(D41:E41) -> -3.120998 | H41: =AVERAGE(B41:E41) -> -4.4694473 | I41: x | L41: x
A42: T5 | B42: 20.966424 | C42: -12.440571 | D42: -15.474763 | E42: -8.4182753 | F42: =AVERAGE(B42:C42) -> 4.2629269 | G42: =AVERAGE(D42:E42) -> -11.946519 | H42: =AVERAGE(B42:E42) -> -3.8417962 | J42: x
A43: T12 | B43: -20.516244 | C43: 7.5549814 | D43: -19.626641 | E43: -14.237655 | F43: =AVERAGE(B43:C43) -> -6.4806313 | G43: =AVERAGE(D43:E43) -> -16.932148 | H43: =AVERAGE(B43:E43) -> -11.706389 | J43: x
A44: T25 | B44: -18.996168 | C44: -24.717225 | D44: -9.8614657 | E44: -13.17676 | F44: =AVERAGE(B44:C44) -> -21.856697 | G44: =AVERAGE(D44:E44) -> -11.519113 | H44: =AVERAGE(B44:E44) -> -16.687905 | J44: x | L44: x
A45: T9 | B45: -11.428571 | C45: -3.0946806 | D45: -23.922621 | E45: -19.14128 | F45: =AVERAGE(B45:C45) -> -7.261626 | G45: =AVERAGE(D45:E45) -> -21.531951 | H45: =AVERAGE(B45:E45) -> -14.396788 | J45: x
A46: T36 | B46: -4.3222273 | C46: 10.069102 | D46: -15.34888 | E46: -2.137677 | F46: =AVERAGE(B46:C46) -> 2.8734372 | G46: =AVERAGE(D46:E46) -> -8.7432786 | H46: =AVERAGE(B46:E46) -> -2.9349207 | L46: x
A47: T32 | B47: -16.289343 | C47: 6.676449 | D47: -10.879512 | E47: 25.506813 | F47: =AVERAGE(B47:C47) -> -4.8064469 | G47: =AVERAGE(D47:E47) -> 7.3136504 | H47: =AVERAGE(B47:E47) -> 1.2536017 | J47: x
A48: T51 | B48: -4.5517248 | C48: -15.999163 | D48: 3.0500236 | E48: 6.1824943 | F48: =AVERAGE(B48:C48) -> -10.275444 | G48: =AVERAGE(D48:E48) -> 4.6162589 | H48: =AVERAGE(B48:E48) -> -2.8295925 | J48: x
A49: T33 | B49: 3.7100179 | C49: 5.9732235 | D49: -1.6832472 | E49: -3.6644323 | F49: =AVERAGE(B49:C49) -> 4.8416207 | G49: =AVERAGE(D49:E49) -> -2.6738397 | H49: =AVERAGE(B49:E49) -> 1.0838905 | J49: x
A50: T19 | B50: 31.720601 | C50: 8.88755 | D50: -0.97156496 | E50: -3.2557547 | F50: =AVERAGE(B50:C50) -> 20.304076 | G50: =AVERAGE(D50:E50) -> -2.1136598 | H50: =AVERAGE(B50:E50) -> 9.0952079 | J50: x | L50: x
A51: T17 | B51: 5.5717858 | C51: -13.927602 | D51: 6.2854586 | E51: 22.266985 | F51: =AVERAGE(B51:C51) -> -4.1779079 | G51: =AVERAGE(D51:E51) -> 14.276222 | H51: =AVERAGE(B51:E51) -> 5.0491569 | K51: x
A52: T44 | B52: -13.14433 | C52: 15.285714 | D52: 4.1901554 | E52: -2.1073998 | F52: =AVERAGE(B52:C52) -> 1.0706922 | G52: =AVERAGE(D52:E52) -> 1.0413778 | H52: =AVERAGE(B52:E52) -> 1.056035 | K52: x
A53: T16 | B53: -9.4946401 | C53: 2.7830647 | D53: -12.145963 | E53: -5.4339368 | F53: =AVERAGE(B53:C53) -> -3.3557877 | G53: =AVERAGE(D53:E53) -> -8.7899499 | H53: =AVERAGE(B53:E53) -> -6.0728688 | K53: x
A54: T29 | B54: -3.0656934 | C54: 4.8401912 | D54: 1.1944407 | E54: 24.636392 | F54: =AVERAGE(B54:C54) -> 0.88724886 | G54: =AVERAGE(D54:E54) -> 12.915417 | H54: =AVERAGE(B54:E54) -> 6.9013327 | K54: x
A55: T20 | B55: -66.732862 | C55: 64.473711 | D55: -11.092838 | E55: 14.034738 | F55: =AVERAGE(B55:C55) -> -1.1295756 | G55: =AVERAGE(D55:E55) -> 1.4709498 | H55: =AVERAGE(B55:E55) -> 0.17068713 | J55: x | L55: x
A56: T28 | B56: 101.55555 | C56: -6.3477501 | D56: 22.620355 | E56: 17.087463 | F56: =AVERAGE(B56:C56) -> 47.6039 | G56: =AVERAGE(D56:E56) -> 19.853909 | H56: =AVERAGE(B56:E56) -> 33.728904 | L56: x
A57: T49 | B57: -57.88842 | C57: 462.26666 | D57: -37.595378 | E57: -32.768318 | F57: =AVERAGE(B57:C57) -> 202.18912 | G57: =AVERAGE(D57:E57) -> -35.181848 | H57: =AVERAGE(B57:E57) -> 83.503637 | J57: x
A58: T31 | B58: 113.0198 | C58: 127.22654 | D58: 108.14736 | E58: 6.3136513 | F58: =AVERAGE(B58:C58) -> 120.12317 | G58: =AVERAGE(D58:E58) -> 57.230505 | H58: =AVERAGE(B58:E58) -> 88.676835 | J58: x
